CC(=O)N[C@@H](CCC(=O)[O-])C(=O)N[C@@H](Cc1ccccc1)C(=O)N,GLU_PHE
CC(=O)N[C@@H](CO)C(=O)N[C@@H](CO)C(=O)N,SER_SER
CC[C@H](C)[C@@H](C(=O)N[C@@H](Cc1ccccc1)C(=O)N)NC(=O)C,ILE_PHE
CC(=O)N[C@@H](Cc1c[nH]c2c1cccc2)C(=O)N[C@@H](Cc3ccc(cc3)O)C(=O)N,TRP_TYR
CC(=O)N[C@@H](CCCC[NH3+])C(=O)N[C@@H](Cc1c[nH]c2c1cccc2)C(=O)N,LYS_TRP
CC(C)C[C@@H](C(=O)N)NC(=O)[C@H](CCCNC(=[NH2+])N)NC(=O)C,ARG_LEU
C[C@H]([C@@H](C(=O)N)NC(=O)[C@H](CO)NC(=O)C)O,SER_THR
CC(=O)N[C@@H](Cc1c[nH]cn1)C(=O)N[C@@H](CCSC)C(=O)N,HIS_MET
CC(=O)N[C@@H](Cc1c[nH]c2c1cccc2)C(=O)N[C@@H](Cc3c[nH]cn3)C(=O)N,TRP_HIS
CC(=O)N[C@@H](Cc1ccc(cc1)O)C(=O)N[C@@H](CCC(=O)N)C(=O)N,TYR_GLN
CC(=O)N[C@@H](Cc1ccccc1)C(=O)N[C@@H](CS)C(=O)N,PHE_CYS
CC(=O)N[C@@H](CCC(=O)[O-])C(=O)N[C@@H](Cc1c[nH]c2c1cccc2)C(=O)N,GLU_TRP
CC(=O)N1CCC[C@H]1C(=O)N[C@@H](Cc2c[nH]c3c2cccc3)C(=O)N,PRO_TRP
CC(=O)N[C@@H](CS)C(=O)N[C@@H](CCSC)C(=O)N,CYS_MET
CC[C@H](C)[C@@H](C(=O)N[C@@H](Cc1c[nH]c2c1cccc2)C(=O)N)NC(=O)C,ILE_TRP
CC(=O)N[C@@H](CCCNC(=[NH2+])N)C(=O)N[C@@H](Cc1ccccc1)C(=O)N,ARG_PHE
C[C@H]([C@@H](C(=O)N[C@@H](CS)C(=O)N)NC(=O)C)O,THR_CYS
CC[C@H](C)[C@@H](C(=O)N[C@@H](CC(C)C)C(=O)N)NC(=O)C,ILE_LEU
CC(C)C[C@@H](C(=O)N)NC(=O)[C@H](CCC(=O)[O-])NC(=O)C,GLU_LEU
CC(C)[C@@H](C(=O)N[C@@H](CCC(=O)N)C(=O)N)NC(=O)C,VAL_GLN
C[C@H]([C@@H](C(=O)N)NC(=O)[C@@H]1CCCN1C(=O)C)O,PRO_THR
CC(=O)N[C@@H](Cc1c[nH]c2c1cccc2)C(=O)N[C@@H](CC(=O)N)C(=O)N,TRP_ASN
CC(=O)NCC(=O)NCC(=O)N,GLY_GLY
CC(=O)N[C@@H](Cc1ccccc1)C(=O)N[C@@H](Cc2ccc(cc2)O)C(=O)N,PHE_TYR
C[C@@H](C(=O)N[C@@H](Cc1ccccc1)C(=O)N)NC(=O)C,ALA_PHE
CC(=O)N1CCC[C@H]1C(=O)N[C@@H](CO)C(=O)N,PRO_SER
CC(=O)N[C@@H](CC(=O)[O-])C(=O)N[C@@H](Cc1ccccc1)C(=O)N,ASP_PHE
CC(=O)N[C@@H](CCCC[NH3+])C(=O)N[C@@H](CO)C(=O)N,LYS_SER
CC(C)C[C@@H](C(=O)N)NC(=O)[C@H](CC(=O)[O-])NC(=O)C,ASP_LEU
CC(=O)N[C@@H](CCC(=O)N)C(=O)N[C@@H](CS)C(=O)N,GLN_CYS
C[C@H]([C@@H](C(=O)N)NC(=O)[C@H](CCCNC(=[NH2+])N)NC(=O)C)O,ARG_THR
C[C@@H](C(=O)N[C@@H](Cc1c[nH]c2c1cccc2)C(=O)N)NC(=O)C,ALA_TRP
C[C@@H](C(=O)N[C@@H](CC(C)C)C(=O)N)NC(=O)C,ALA_LEU
C[C@H]([C@@H](C(=O)N)NC(=O)[C@H](CCCC[NH3+])NC(=O)C)O,LYS_THR
CC(=O)N[C@@H](CC(=O)[O-])C(=O)N[C@@H](Cc1c[nH]c2c1cccc2)C(=O)N,ASP_TRP
CC(=O)N[C@@H](CCCNC(=[NH2+])N)C(=O)N[C@@H](CO)C(=O)N,ARG_SER
CC(=O)N[C@@H](Cc1ccccc1)C(=O)N[C@@H](CC(=O)N)C(=O)N,PHE_ASN
CC(=O)N1CCC[C@H]1C(=O)N[C@@H](Cc2ccccc2)C(=O)N,PRO_PHE
C[C@H]([C@@H](C(=O)N)NC(=O)[C@H](C)NC(=O)C)O,ALA_THR
CC(C)C[C@@H](C(=O)N)NC(=O)[C@H](CCCC[NH3+])NC(=O)C,LYS_LEU
CC(=O)N[C@@H](CCCNC(=[NH2+])N)C(=O)N[C@@H](Cc1c[nH]c2c1cccc2)C(=O)N,ARG_TRP
C[C@H]([C@@H](C(=O)N[C@@H](CC(=O)N)C(=O)N)NC(=O)C)O,THR_ASN
CC(=O)N[C@@H](CC(=O)[O-])C(=O)N[C@@H](CO)C(=O)N,ASP_SER
C[C@@H](C(=O)N[C@@H](CO)C(=O)N)NC(=O)C,ALA_SER
C[C@H]([C@@H](C(=O)N)NC(=O)[C@H](CC(=O)[O-])NC(=O)C)O,ASP_THR
CC(=O)NCC(=O)N[C@@H](CCSC)C(=O)N,GLY_MET
CC(=O)N[C@@H](CCCC[NH3+])C(=O)N[C@@H](Cc1ccccc1)C(=O)N,LYS_PHE
C[C@H]([C@@H](C(=O)N)NC(=O)[C@H](CCC(=O)[O-])NC(=O)C)O,GLU_THR
CC[C@H](C)[C@@H](C(=O)N[C@@H]([C@@H](C)O)C(=O)N)NC(=O)C,ILE_THR
CC(=O)N[C@@H](CCC(=O)[O-])C(=O)N[C@@H](CO)C(=O)N,GLU_SER
CC(C)C[C@@H](C(=O)N[C@@H](CCSC)C(=O)N)NC(=O)C,LEU_MET
CC[C@H](C)[C@@H](C(=O)N[C@@H](CO)C(=O)N)NC(=O)C,ILE_SER
CC(=O)N[C@@H](Cc1ccccc1)C(=O)N[C@@H](Cc2c[nH]cn2)C(=O)N,PHE_HIS
CC(=O)N[C@@H](Cc1c[nH]c2c1cccc2)C(=O)N[C@@H](CS)C(=O)N,TRP_CYS
CC(C)C[C@@H](C(=O)N[C@@H](Cc1c[nH]c2c1cccc2)C(=O)N)NC(=O)C,LEU_TRP
CC(C)[C@@H](C(=O)N[C@@H](CC(=O)N)C(=O)N)NC(=O)C,VAL_ASN
CC(=O)N[C@@H](CC(=O)[O-])C(=O)N[C@@H](CCCC[NH3+])C(=O)N,ASP_LYS
CC(=O)NCC(=O)N[C@@H](CO)C(=O)N,GLY_SER
C[C@H]([C@@H](C(=O)N)NC(=O)CNC(=O)C)O,GLY_THR
CC(C)C[C@@H](C(=O)N)NC(=O)[C@H](CC(C)C)NC(=O)C,LEU_LEU
CC(=O)N[C@@H](Cc1ccc(cc1)O)C(=O)N[C@@H](CC(=O)N)C(=O)N,TYR_ASN
CC(=O)N[C@@H](CCCC[NH3+])C(=O)NCC(=O)N,LYS_GLY
CC(=O)N[C@@H](CO)C(=O)N[C@@H](CCSC)C(=O)N,SER_MET
CC(=O)N[C@@H](CC(=O)[O-])C(=O)N[C@@H](CCSC)C(=O)N,ASP_MET
CC(C)C[C@@H](C(=O)N[C@@H](Cc1ccccc1)C(=O)N)NC(=O)C,LEU_PHE
CC(C)[C@@H](C(=O)N)NC(=O)[C@H](C(C)C)NC(=O)C,VAL_VAL
CC(C)[C@@H](C(=O)N[C@@H](CS)C(=O)N)NC(=O)C,VAL_CYS
C[C@@H](C(=O)N[C@@H](CCSC)C(=O)N)NC(=O)C,ALA_MET
CC(=O)N[C@@H](CC(=O)N)C(=O)N[C@@H](CCSC)C(=O)N,ASN_MET
C[C@H]([C@@H](C(=O)N[C@@H](CCC(=O)N)C(=O)N)NC(=O)C)O,THR_GLN
CC(=O)N[C@@H](Cc1ccccc1)C(=O)N[C@@H](CCC(=O)N)C(=O)N,PHE_GLN
CC(=O)N[C@@H](CCCNC(=[NH2+])N)C(=O)NCC(=O)N,ARG_GLY
CC(=O)N[C@@H](CCCC[NH3+])C(=O)N[C@@H](CCSC)C(=O)N,LYS_MET
CC(C)[C@@H](C(=O)N[C@@H](Cc1ccc(cc1)O)C(=O)N)NC(=O)C,VAL_TYR
CC(=O)NCC(=O)N[C@@H](Cc1ccccc1)C(=O)N,GLY_PHE
CC(=O)N[C@@H](CCCNC(=[NH2+])N)C(=O)N[C@@H](CCSC)C(=O)N,ARG_MET
CC(=O)N[C@@H](CCC(=O)[O-])C(=O)N[C@@H](CCCC[NH3+])C(=O)N,GLU_LYS
CC(C)[C@@H](C(=O)N[C@@H](Cc1c[nH]cn1)C(=O)N)NC(=O)C,VAL_HIS
C[C@H]([C@@H](C(=O)N)NC(=O)[C@H](CC(C)C)NC(=O)C)O,LEU_THR
CC(C)C[C@@H](C(=O)N)NC(=O)CNC(=O)C,GLY_LEU
CC(=O)N[C@@H](Cc1ccc(cc1)O)C(=O)N[C@@H](Cc2ccc(cc2)O)C(=O)N,TYR_TYR
CC(=O)NCC(=O)N[C@@H](Cc1c[nH]c2c1cccc2)C(=O)N,GLY_TRP
CC(C)C[C@@H](C(=O)N[C@@H](CO)C(=O)N)NC(=O)C,LEU_SER
CC[C@H](C)[C@@H](C(=O)N[C@@H](CCSC)C(=O)N)NC(=O)C,ILE_MET
CC(=O)N[C@@H](CCCNC(=[NH2+])N)C(=O)N[C@@H](CCCC[NH3+])C(=O)N,ARG_LYS
CC(=O)N1CCC[C@H]1C(=O)N[C@@H](CCSC)C(=O)N,PRO_MET
CC(=O)N[C@@H](CCC(=O)[O-])C(=O)N[C@@H](CCSC)C(=O)N,GLU_MET
CC(=O)N[C@@H](Cc1ccc(cc1)O)C(=O)N[C@@H](Cc2c[nH]cn2)C(=O)N,TYR_HIS
CC(=O)N[C@@H](CCC(=O)N)C(=O)N[C@@H](CCC(=O)N)C(=O)N,GLN_GLN
CC(=O)N[C@@H](Cc1c[nH]c2c1cccc2)C(=O)N[C@@H](CCC(=O)N)C(=O)N,TRP_GLN
CC(=O)N[C@@H](Cc1ccc(cc1)O)C(=O)N[C@@H](CS)C(=O)N,TYR_CYS
CC(=O)N[C@@H](CCC(=O)[O-])C(=O)NCC(=O)N,GLU_GLY
C[C@H]([C@@H](C(=O)N)NC(=O)[C@H](Cc1c[nH]cn1)NC(=O)C)O,HIS_THR
CC(=O)N[C@@H](Cc1c[nH]cn1)C(=O)N[C@@H](CO)C(=O)N,HIS_SER
CC(=O)N[C@@H](CC(=O)[O-])C(=O)NCC(=O)N,ASP_GLY
C[C@@H](C(=O)NCC(=O)N)NC(=O)C,ALA_GLY
CC(=O)N[C@@H](CCCC[NH3+])C(=O)N[C@@H](CCCC[NH3+])C(=O)N,LYS_LYS
CC[C@H](C)[C@@H](C(=O)N)NC(=O)[C@H](CC(=O)[O-])NC(=O)C,ASP_ILE
CC(=O)N[C@@H](CCC(=O)[O-])C(=O)N[C@@H](CCC(=O)N)C(=O)N,GLU_GLN
CC(=O)N[C@@H](Cc1c[nH]c2c1cccc2)C(=O)N[C@@H](CCSC)C(=O)N,TRP_MET
CC(=O)N[C@@H](Cc1c[nH]cn1)C(=O)N[C@@H](Cc2c[nH]cn2)C(=O)N,HIS_HIS
CC[C@H](C)[C@@H](C(=O)N)NC(=O)[C@H](C)NC(=O)C,ALA_ILE
CC[C@H](C)[C@@H](C(=O)N[C@@H](CCC(=O)N)C(=O)N)NC(=O)C,ILE_GLN
C[C@@H](C(=O)N)NC(=O)[C@H](CC(=O)[O-])NC(=O)C,ASP_ALA
CC(C)[C@@H](C(=O)N[C@@H](Cc1ccccc1)C(=O)N)NC(=O)C,VAL_PHE
CC(C)C[C@@H](C(=O)N[C@@H](C(C)C)C(=O)N)NC(=O)C,LEU_VAL
CC(C)C[C@@H](C(=O)N[C@@H](CS)C(=O)N)NC(=O)C,LEU_CYS
CC(=O)N[C@@H](CCC(=O)[O-])C(=O)N[C@@H](CCC(=O)[O-])C(=O)N,GLU_GLU
CC(=O)NCC(=O)N[C@@H](Cc1ccc(cc1)O)C(=O)N,GLY_TYR
C[C@@H](C(=O)N)NC(=O)[C@H](C)NC(=O)C,ALA_ALA
CC(=O)N[C@@H](CCCNC(=[NH2+])N)C(=O)N[C@@H](CCC(=O)N)C(=O)N,ARG_GLN
CC(C)C[C@@H](C(=O)N[C@@H](Cc1ccc(cc1)O)C(=O)N)NC(=O)C,LEU_TYR
CC(=O)N[C@@H](Cc1c[nH]cn1)C(=O)N[C@@H](CC(=O)N)C(=O)N,HIS_ASN
C[C@@H](C(=O)N)NC(=O)[C@H](CCCC[NH3+])NC(=O)C,LYS_ALA
CC(=O)N[C@@H](CC(=O)[O-])C(=O)N[C@@H](CCC(=O)N)C(=O)N,ASP_GLN
CC[C@H](C)[C@@H](C(=O)N)NC(=O)[C@H]([C@@H](C)CC)NC(=O)C,ILE_ILE
CC(=O)N[C@@H](CS)C(=O)N[C@@H](CS)C(=O)N,CYS_CYS
CC(=O)NCC(=O)N[C@@H](CS)C(=O)N,GLY_CYS
CC(C)[C@@H](C(=O)N)NC(=O)CNC(=O)C,GLY_VAL
CC[C@H](C)[C@@H](C(=O)N)NC(=O)[C@H](CCC(=O)[O-])NC(=O)C,GLU_ILE
C[C@@H](C(=O)N[C@@H](CCC(=O)N)C(=O)N)NC(=O)C,ALA_GLN
C[C@H]([C@@H](C(=O)N)NC(=O)[C@H](C(C)C)NC(=O)C)O,VAL_THR
CC(=O)N[C@@H](CC(=O)[O-])C(=O)N[C@@H](CC(=O)[O-])C(=O)N,ASP_ASP
CC[C@H](C)[C@@H](C(=O)N)NC(=O)[C@H](CCCNC(=[NH2+])N)NC(=O)C,ARG_ILE
CC(=O)N[C@@H](CC(=O)[O-])C(=O)N[C@@H](CCC(=O)[O-])C(=O)N,ASP_GLU
CC(C)[C@@H](C(=O)N[C@@H](CO)C(=O)N)NC(=O)C,VAL_SER
C[C@@H](C(=O)N)NC(=O)[C@H](CCC(=O)[O-])NC(=O)C,GLU_ALA
CC(C)C[C@@H](C(=O)N[C@@H](CC(=O)N)C(=O)N)NC(=O)C,LEU_ASN
CC(C)[C@@H](C(=O)N[C@@H](Cc1c[nH]c2c1cccc2)C(=O)N)NC(=O)C,VAL_TRP
CC(=O)N1CCC[C@H]1C(=O)N[C@@H](CCC(=O)N)C(=O)N,PRO_GLN
CC(=O)N[C@@H](CCC(=O)N)C(=O)N[C@@H](CCSC)C(=O)N,GLN_MET
CC(=O)N[C@@H](CCCC[NH3+])C(=O)N[C@@H](CCC(=O)N)C(=O)N,LYS_GLN
CC(=O)NCC(=O)N[C@@H](Cc1c[nH]cn1)C(=O)N,GLY_HIS
CC(C)C[C@@H](C(=O)N1CCC[C@H]1C(=O)N)NC(=O)C,LEU_PRO
CC(=O)N[C@@H](CO)C(=O)N[C@@H](CCC(=O)N)C(=O)N,SER_GLN
CC(=O)NCC(=O)N1CCC[C@H]1C(=O)N,GLY_PRO
C[C@H]([C@@H](C(=O)N)NC(=O)[C@H](Cc1ccc(cc1)O)NC(=O)C)O,TYR_THR
CC(=O)N[C@@H](Cc1ccccc1)C(=O)N[C@@H](CCSC)C(=O)N,PHE_MET
CC(C)C[C@@H](C(=O)N[C@@H](Cc1c[nH]cn1)C(=O)N)NC(=O)C,LEU_HIS
C[C@@H](C(=O)N)NC(=O)[C@H](CCCNC(=[NH2+])N)NC(=O)C,ARG_ALA
CC(=O)N[C@@H](CC(=O)N)C(=O)N[C@@H](CCC(=O)N)C(=O)N,ASN_GLN
C[C@H]([C@@H](C(=O)N[C@@H](CCSC)C(=O)N)NC(=O)C)O,THR_MET
CC(=O)N[C@@H](Cc1ccc(cc1)O)C(=O)N[C@@H](CO)C(=O)N,TYR_SER
CC(=O)N[C@@H](Cc1c[nH]cn1)C(=O)N[C@@H](CS)C(=O)N,HIS_CYS
CC[C@H](C)[C@@H](C(=O)N)NC(=O)[C@H](CCCC[NH3+])NC(=O)C,LYS_ILE
CC(=O)NCC(=O)N[C@@H](CC(=O)N)C(=O)N,GLY_ASN
CC[C@H](C)[C@@H](C(=O)N[C@@H](C(C)C)C(=O)N)NC(=O)C,ILE_VAL
CC(=O)N[C@@H](CCCNC(=[NH2+])N)C(=O)N[C@@H](CC(=O)N)C(=O)N,ARG_ASN
CC(=O)N[C@@H](Cc1ccccc1)C(=O)N[C@@H](Cc2c[nH]c3c2cccc3)C(=O)N,PHE_TRP
CC[C@H](C)[C@@H](C(=O)N)NC(=O)CNC(=O)C,GLY_ILE
CC(C)[C@@H](C(=O)N)NC(=O)[C@H](CCC(=O)[O-])NC(=O)C,GLU_VAL
CC(=O)N1CCC[C@H]1C(=O)N[C@@H](CS)C(=O)N,PRO_CYS
CC[C@H](C)[C@@H](C(=O)N1CCC[C@H]1C(=O)N)NC(=O)C,ILE_PRO
CC(=O)N[C@@H](CCCC[NH3+])C(=O)N[C@@H](CC(=O)N)C(=O)N,LYS_ASN
CC(=O)N1CCC[C@H]1C(=O)N2CCC[C@H]2C(=O)N,PRO_PRO
CC(=O)N[C@@H](CCC(=O)[O-])C(=O)N1CCC[C@H]1C(=O)N,GLU_PRO
CC(C)[C@@H](C(=O)N)NC(=O)[C@H](CCCNC(=[NH2+])N)NC(=O)C,ARG_VAL
CC(=O)N[C@@H](CCCNC(=[NH2+])N)C(=O)N[C@@H](CS)C(=O)N,ARG_CYS
CC[C@H](C)[C@@H](C(=O)N[C@@H](CC(=O)N)C(=O)N)NC(=O)C,ILE_ASN
CC(=O)N[C@@H](CC(=O)[O-])C(=O)N[C@@H](CCCNC(=[NH2+])N)C(=O)N,ASP_ARG
CC(=O)N[C@@H](CCCC[NH3+])C(=O)N1CCC[C@H]1C(=O)N,LYS_PRO
CC(=O)N1CCC[C@H]1C(=O)N[C@@H](CC(=O)N)C(=O)N,PRO_ASN
C[C@@H](C(=O)N[C@@H](Cc1ccc(cc1)O)C(=O)N)NC(=O)C,ALA_TYR
CC(=O)N[C@@H](CC(=O)[O-])C(=O)N[C@@H](Cc1c[nH]cn1)C(=O)N,ASP_HIS
CC(=O)N[C@@H](Cc1ccccc1)C(=O)N[C@@H](Cc2ccccc2)C(=O)N,PHE_PHE
CC(=O)N[C@@H](CCC(=O)[O-])C(=O)N[C@@H](CC(=O)N)C(=O)N,GLU_ASN
CC(C)C[C@@H](C(=O)N[C@@H](CCC(=O)N)C(=O)N)NC(=O)C,LEU_GLN
CC(=O)N[C@@H](CCCNC(=[NH2+])N)C(=O)N1CCC[C@H]1C(=O)N,ARG_PRO
C[C@@H](C(=O)N[C@@H](Cc1c[nH]cn1)C(=O)N)NC(=O)C,ALA_HIS
CC(=O)N[C@@H](CCCC[NH3+])C(=O)N[C@@H](CS)C(=O)N,LYS_CYS
CC(=O)N[C@@H](CC(=O)[O-])C(=O)N[C@@H](Cc1ccc(cc1)O)C(=O)N,ASP_TYR
CC(=O)N[C@@H](CC(=O)[O-])C(=O)N1CCC[C@H]1C(=O)N,ASP_PRO
CC(=O)NCC(=O)N[C@@H](CCC(=O)N)C(=O)N,GLY_GLN
CC(=O)N[C@@H](CCCC[NH3+])C(=O)N[C@@H](Cc1c[nH]cn1)C(=O)N,LYS_HIS
CC(=O)N[C@@H](CC(=O)N)C(=O)N[C@@H](CS)C(=O)N,ASN_CYS
C[C@@H](C(=O)N[C@@H](C(C)C)C(=O)N)NC(=O)C,ALA_VAL
CC(=O)N[C@@H](CCCNC(=[NH2+])N)C(=O)N[C@@H](Cc1ccc(cc1)O)C(=O)N,ARG_TYR
CC(=O)N[C@@H](Cc1c[nH]c2c1cccc2)C(=O)N[C@@H](Cc3c[nH]c4c3cccc4)C(=O)N,TRP_TRP
CC(=O)N[C@@H](CCCNC(=[NH2+])N)C(=O)N[C@@H](CCCNC(=[NH2+])N)C(=O)N,ARG_ARG
CC(C)[C@@H](C(=O)N[C@@H](CCSC)C(=O)N)NC(=O)C,VAL_MET
C[C@@H](C(=O)N1CCC[C@H]1C(=O)N)NC(=O)C,ALA_PRO
CC(C)[C@@H](C(=O)N)NC(=O)[C@H](CC(=O)[O-])NC(=O)C,ASP_VAL
CC(=O)N[C@@H](CO)C(=O)N[C@@H](CS)C(=O)N,SER_CYS
CC(=O)N[C@@H](CCCNC(=[NH2+])N)C(=O)N[C@@H](Cc1c[nH]cn1)C(=O)N,ARG_HIS
CC(=O)N[C@@H](CCSC)C(=O)N[C@@H](CCSC)C(=O)N,MET_MET
CC(=O)N[C@@H](CCC(=O)[O-])C(=O)N[C@@H](Cc1ccc(cc1)O)C(=O)N,GLU_TYR
C[C@H]([C@@H](C(=O)N)NC(=O)[C@H]([C@@H](C)O)NC(=O)C)O,THR_THR
CC(=O)N[C@@H](CC(=O)N)C(=O)N[C@@H](CC(=O)N)C(=O)N,ASN_ASN
C[C@@H](C(=O)N[C@@H](CC(=O)N)C(=O)N)NC(=O)C,ALA_ASN
CC[C@H](C)[C@@H](C(=O)N[C@@H](Cc1ccc(cc1)O)C(=O)N)NC(=O)C,ILE_TYR
C[C@H]([C@@H](C(=O)N)NC(=O)[C@H](Cc1ccccc1)NC(=O)C)O,PHE_THR
CC(=O)N[C@@H](CC(=O)[O-])C(=O)N[C@@H](CC(=O)N)C(=O)N,ASP_ASN
CC(=O)N[C@@H](CO)C(=O)N[C@@H](CC(=O)N)C(=O)N,SER_ASN
CC(=O)N[C@@H](CCC(=O)[O-])C(=O)N[C@@H](Cc1c[nH]cn1)C(=O)N,GLU_HIS
CC(=O)N[C@@H](Cc1ccc(cc1)O)C(=O)N[C@@H](CCSC)C(=O)N,TYR_MET
CC(=O)N1CCC[C@H]1C(=O)N[C@@H](Cc2c[nH]cn2)C(=O)N,PRO_HIS
CC(=O)N[C@@H](Cc1c[nH]cn1)C(=O)N[C@@H](CCC(=O)N)C(=O)N,HIS_GLN
CC[C@H](C)[C@@H](C(=O)N[C@@H](Cc1c[nH]cn1)C(=O)N)NC(=O)C,ILE_HIS
CC(=O)N[C@@H](CCC(=O)[O-])C(=O)N[C@@H](CCCNC(=[NH2+])N)C(=O)N,GLU_ARG
CC(=O)N[C@@H](Cc1ccccc1)C(=O)N[C@@H](CO)C(=O)N,PHE_SER
CC[C@H](C)[C@@H](C(=O)N[C@@H](CS)C(=O)N)NC(=O)C,ILE_CYS
CC(C)[C@@H](C(=O)N)NC(=O)[C@@H]1CCCN1C(=O)C,PRO_VAL
CC(=O)N[C@@H](CCC(=O)[O-])C(=O)N[C@@H](CS)C(=O)N,GLU_CYS
C[C@H]([C@@H](C(=O)N)NC(=O)[C@H](Cc1c[nH]c2c1cccc2)NC(=O)C)O,TRP_THR
CC(C)[C@@H](C(=O)N)NC(=O)[C@H](CCCC[NH3+])NC(=O)C,LYS_VAL
CC(=O)N[C@@H](Cc1c[nH]c2c1cccc2)C(=O)N[C@@H](CO)C(=O)N,TRP_SER
C[C@@H](C(=O)N[C@@H](CS)C(=O)N)NC(=O)C,ALA_CYS
CC(=O)N[C@@H](CCCC[NH3+])C(=O)N[C@@H](Cc1ccc(cc1)O)C(=O)N,LYS_TYR
CC(=O)N[C@@H](CC(=O)[O-])C(=O)N[C@@H](CS)C(=O)N,ASP_CYS
CC(=O)N1CCC[C@H]1C(=O)N[C@@H](Cc2ccc(cc2)O)C(=O)N,PRO_TYR
CC(=O)N[C@@H](Cc1c[nH]cn1)C(=O)N[C@@H](CCSC)C(=O)N[C@@H](CCC(=O)O)C(=O)N,HIS_MET_GLH
CC(C)C[C@@H](C(=O)N[C@@H](Cc1c[nH]cn1)C(=O)N)NC(=O)[C@H](Cc2c[nH]c3c2cccc3)NC(=O)C,TRP_LEU_HIS
CC(=O)N1CCC[C@H]1C(=O)N[C@@H](CCSC)C(=O)N[C@@H](Cc2c[nH]cn2)C(=O)N,PRO_MET_HIS
CC(=O)N[C@@H](CCSC)C(=O)N[C@@H](CCC(=O)O)C(=O)N[C@@H](CCSC)C(=O)N,MET_GLH_MET
CC(C)C[C@@H](C(=O)N[C@@H](Cc1ccc(cc1)O)C(=O)N[C@@H](CCC(=O)N)C(=O)N)NC(=O)C,LEU_TYR_GLN
CC(=O)N[C@@H](CCC(=O)N)C(=O)N[C@@H](CCSC)C(=O)N[C@@H](CCSC)C(=O)N,GLN_MET_MET
CC(=O)N[C@@H](Cc1ccc(cc1)O)C(=O)N[C@@H](CCC(=O)O)C(=O)N[C@@H](Cc2c[nH]cn2)C(=O)N,TYR_GLH_HIS
CC(C)C[C@@H](C(=O)N[C@@H](CCC(=O)N)C(=O)N[C@@H](Cc1c[nH]cn1)C(=O)N)NC(=O)C,LEU_GLN_HIS
CC(=O)N[C@@H](Cc1c[nH]cn1)C(=O)N[C@@H](CCC(=O)O)C(=O)N[C@@H](Cc2c[nH]cn2)C(=O)N,HIS_GLH_HIS
CC(C)C[C@@H](C(=O)N[C@@H](Cc1ccc(cc1)O)C(=O)N)NC(=O)[C@H](Cc2c[nH]c3c2cccc3)NC(=O)C,TRP_LEU_TYR
CC(=O)N1CCC[C@H]1C(=O)N[C@@H](CCSC)C(=O)N[C@@H](Cc2ccc(cc2)O)C(=O)N,PRO_MET_TYR
CC(=O)N[C@@H](Cc1c[nH]c2c1cccc2)C(=O)N[C@@H](CCC(=O)O)C(=O)N[C@@H](CCSC)C(=O)N,TRP_GLH_MET
CC(=O)N[C@@H](Cc1ccc(cc1)O)C(=O)N[C@@H](CCSC)C(=O)N[C@@H](CCC(=O)O)C(=O)N,TYR_MET_GLH
CC(C)C[C@@H](C(=O)N[C@@H](CCC(=O)N)C(=O)N[C@@H](Cc1ccc(cc1)O)C(=O)N)NC(=O)C,LEU_GLN_TYR
CC(C)C[C@@H](C(=O)N[C@@H](Cc1c[nH]c2c1cccc2)C(=O)N[C@@H](Cc3ccc(cc3)O)C(=O)N)NC(=O)C,LEU_TRP_TYR
CC(C)C[C@@H](C(=O)N[C@@H](Cc1c[nH]cn1)C(=O)N)NC(=O)[C@H](CCSC)NC(=O)C,MET_LEU_HIS
CC(=O)N[C@@H](CCC(=O)N)C(=O)N1CCC[C@H]1C(=O)N[C@@H](Cc2c[nH]cn2)C(=O)N,GLN_PRO_HIS
CC(=O)N[C@@H](Cc1c[nH]c2c1cccc2)C(=O)N3CCC[C@H]3C(=O)N[C@@H](CCC(=O)O)C(=O)N,TRP_PRO_GLH
CC(=O)N[C@@H](CCC(=O)N)C(=O)N[C@@H](Cc1c[nH]cn1)C(=O)N[C@@H](CCC(=O)N)C(=O)N,GLN_HIS_GLN
CC(=O)N[C@@H](CCC(=O)N)C(=O)N[C@@H](Cc1ccc(cc1)O)C(=O)N[C@@H](CCSC)C(=O)N,GLN_TYR_MET
CC(C)C[C@@H](C(=O)N)NC(=O)[C@@H]1CCCN1C(=O)[C@H](CC(C)C)NC(=O)C,LEU_PRO_LEU
CC(=O)N1CCC[C@H]1C(=O)N[C@@H](Cc2c[nH]c3c2cccc3)C(=O)N[C@@H](CCC(=O)N)C(=O)N,PRO_TRP_GLN
CC(=O)N1CCC[C@H]1C(=O)N[C@@H](Cc2ccc(cc2)O)C(=O)N[C@@H](Cc3c[nH]cn3)C(=O)N,PRO_TYR_HIS
CC(=O)N[C@@H](Cc1c[nH]cn1)C(=O)N[C@@H](Cc2ccc(cc2)O)C(=O)N[C@@H](CCC(=O)O)C(=O)N,HIS_TYR_GLH
CC(=O)N[C@@H](Cc1ccc(cc1)O)C(=O)N[C@@H](Cc2ccc(cc2)O)C(=O)N[C@@H](CCC(=O)O)C(=O)N,TYR_TYR_GLH
CC(=O)N[C@@H](CCSC)C(=O)N1CCC[C@H]1C(=O)N[C@@H](CCC(=O)O)C(=O)N,MET_PRO_GLH
CC(=O)N1CCC[C@H]1C(=O)N[C@@H](Cc2ccc(cc2)O)C(=O)N[C@@H](Cc3ccc(cc3)O)C(=O)N,PRO_TYR_TYR
CC(C)C[C@@H](C(=O)N[C@@H](CCC(=O)O)C(=O)N1CCC[C@H]1C(=O)N)NC(=O)C,LEU_GLH_PRO
CC(=O)N[C@@H](Cc1c[nH]c2c1cccc2)C(=O)N[C@@H](CCC(=O)N)C(=O)N[C@@H](CCSC)C(=O)N,TRP_GLN_MET
CC(=O)N1CCC[C@H]1C(=O)N[C@@H](Cc2ccc(cc2)O)C(=O)N3CCC[C@H]3C(=O)N,PRO_TYR_PRO
CC(=O)N[C@@H](Cc1ccc(cc1)O)C(=O)N[C@@H](CCC(=O)N)C(=O)N[C@@H](Cc2ccc(cc2)O)C(=O)N,TYR_GLN_TYR
CC(C)C[C@@H](C(=O)N[C@@H](CCC(=O)O)C(=O)N[C@@H](Cc1ccc(cc1)O)C(=O)N)NC(=O)C,LEU_GLH_TYR
CC(C)C[C@@H](C(=O)N[C@@H](CCSC)C(=O)N[C@@H](CCC(=O)O)C(=O)N)NC(=O)C,LEU_MET_GLH
CC(=O)N[C@@H](Cc1ccc(cc1)O)C(=O)N[C@@H](Cc2c[nH]c3c2cccc3)C(=O)N[C@@H](Cc4ccc(cc4)O)C(=O)N,TYR_TRP_TYR
CC(=O)N[C@@H](Cc1c[nH]c2c1cccc2)C(=O)N3CCC[C@H]3C(=O)N[C@@H](CCC(=O)N)C(=O)N,TRP_PRO_GLN
CC(=O)N[C@@H](CCC(=O)N)C(=O)N[C@@H](Cc1c[nH]cn1)C(=O)N[C@@H](CCC(=O)O)C(=O)N,GLN_HIS_GLH
CC(=O)N[C@@H](Cc1c[nH]cn1)C(=O)N[C@@H](Cc2c[nH]c3c2cccc3)C(=O)N[C@@H](Cc4c[nH]cn4)C(=O)N,HIS_TRP_HIS
CC(C)C[C@@H](C(=O)N[C@@H](CC(C)C)C(=O)N[C@@H](CCSC)C(=O)N)NC(=O)C,LEU_LEU_MET
CC(=O)N1CCC[C@H]1C(=O)N[C@@H](CCC(=O)N)C(=O)N[C@@H](CCC(=O)O)C(=O)N,PRO_GLN_GLH
CC(=O)N1CCC[C@H]1C(=O)N[C@@H](Cc2c[nH]c3c2cccc3)C(=O)N[C@@H](CCC(=O)O)C(=O)N,PRO_TRP_GLH
CC(C)C[C@@H](C(=O)N[C@@H](CCC(=O)O)C(=O)N[C@@H](Cc1c[nH]cn1)C(=O)N)NC(=O)C,LEU_GLH_HIS
CC(=O)N[C@@H](Cc1ccc(cc1)O)C(=O)N[C@@H](Cc2c[nH]c3c2cccc3)C(=O)N[C@@H](Cc4c[nH]cn4)C(=O)N,TYR_TRP_HIS
CC(=O)N[C@@H](Cc1ccc(cc1)O)C(=O)N[C@@H](Cc2ccc(cc2)O)C(=O)N[C@@H](CCC(=O)N)C(=O)N,TYR_TYR_GLN
CC(C)C[C@@H](C(=O)N[C@@H](Cc1c[nH]c2c1cccc2)C(=O)N)NC(=O)[C@@H]3CCCN3C(=O)C,PRO_LEU_TRP
CC(=O)N[C@@H](Cc1c[nH]c2c1cccc2)C(=O)N[C@@H](CCSC)C(=O)N[C@@H](Cc3c[nH]c4c3cccc4)C(=O)N,TRP_MET_TRP
CC(=O)N[C@@H](Cc1c[nH]c2c1cccc2)C(=O)N[C@@H](Cc3c[nH]cn3)C(=O)N[C@@H](Cc4ccc(cc4)O)C(=O)N,TRP_HIS_TYR
CC(=O)N[C@@H](Cc1ccc(cc1)O)C(=O)N[C@@H](Cc2c[nH]cn2)C(=O)N[C@@H](CCSC)C(=O)N,TYR_HIS_MET
CC(=O)N[C@@H](CCSC)C(=O)N[C@@H](CCC(=O)N)C(=O)N[C@@H](CCSC)C(=O)N,MET_GLN_MET
CC(C)C[C@@H](C(=O)N[C@@H](CCC(=O)N)C(=O)N)NC(=O)[C@H](CCC(=O)N)NC(=O)C,GLN_LEU_GLN
CC(C)C[C@@H](C(=O)N[C@@H](CCC(=O)N)C(=O)N1CCC[C@H]1C(=O)N)NC(=O)C,LEU_GLN_PRO
CC(=O)N1CCC[C@H]1C(=O)N[C@@H](CCSC)C(=O)N2CCC[C@H]2C(=O)N,PRO_MET_PRO
CC(=O)N[C@@H](CCC(=O)O)C(=O)N[C@@H](CCSC)C(=O)N[C@@H](CCC(=O)O)C(=O)N,GLH_MET_GLH
CC(=O)N1CCC[C@H]1C(=O)N[C@@H](CCC(=O)O)C(=O)N[C@@H](CCC(=O)N)C(=O)N,PRO_GLH_GLN
CC(=O)N[C@@H](Cc1c[nH]c2c1cccc2)C(=O)N[C@@H](Cc3ccc(cc3)O)C(=O)N[C@@H](Cc4c[nH]c5c4cccc5)C(=O)N,TRP_TYR_TRP
CC(=O)N[C@@H](Cc1ccc(cc1)O)C(=O)N[C@@H](CCSC)C(=O)N[C@@H](CCC(=O)N)C(=O)N,TYR_MET_GLN
CC(C)C[C@@H](C(=O)N[C@@H](CCC(=O)O)C(=O)N)NC(=O)[C@H](CCC(=O)N)NC(=O)C,GLN_LEU_GLH
CC(C)C[C@@H](C(=O)N[C@@H](Cc1c[nH]cn1)C(=O)N[C@@H](CCSC)C(=O)N)NC(=O)C,LEU_HIS_MET
CC(C)C[C@@H](C(=O)N[C@@H](Cc1c[nH]c2c1cccc2)C(=O)N[C@@H](Cc3c[nH]cn3)C(=O)N)NC(=O)C,LEU_TRP_HIS
CC(=O)N1CCC[C@H]1C(=O)N[C@@H](Cc2c[nH]cn2)C(=O)N[C@@H](Cc3c[nH]c4c3cccc4)C(=O)N,PRO_HIS_TRP
CC(C)C[C@@H](C(=O)N[C@@H](CCSC)C(=O)N)NC(=O)[C@H](Cc1ccc(cc1)O)NC(=O)C,TYR_LEU_MET
CC(=O)N1CCC[C@H]1C(=O)N[C@@H](CCC(=O)O)C(=O)N[C@@H](CCC(=O)O)C(=O)N,PRO_GLH_GLH
CC(=O)N[C@@H](Cc1ccc(cc1)O)C(=O)N[C@@H](CCC(=O)O)C(=O)N[C@@H](Cc2ccc(cc2)O)C(=O)N,TYR_GLH_TYR
CC(C)C[C@@H](C(=O)N[C@@H](CCSC)C(=O)N[C@@H](CCC(=O)N)C(=O)N)NC(=O)C,LEU_MET_GLN
CC(=O)N1CCC[C@H]1C(=O)N[C@@H](CCC(=O)N)C(=O)N[C@@H](CCC(=O)N)C(=O)N,PRO_GLN_GLN
CC(=O)N1CCC[C@H]1C(=O)N2CCC[C@H]2C(=O)N[C@@H](CCSC)C(=O)N,PRO_PRO_MET
CC(C)C[C@@H](C(=O)N1CCC[C@H]1C(=O)N[C@@H](Cc2c[nH]c3c2cccc3)C(=O)N)NC(=O)C,LEU_PRO_TRP
CC(=O)N[C@@H](Cc1c[nH]c2c1cccc2)C(=O)N[C@@H](Cc3c[nH]cn3)C(=O)N[C@@H](Cc4c[nH]cn4)C(=O)N,TRP_HIS_HIS
CC(=O)N[C@@H](Cc1c[nH]c2c1cccc2)C(=O)N[C@@H](Cc3c[nH]c4c3cccc4)C(=O)N[C@@H](CCSC)C(=O)N,TRP_TRP_MET
CC(=O)N[C@@H](CCC(=O)O)C(=O)N[C@@H](Cc1ccc(cc1)O)C(=O)N[C@@H](CCC(=O)O)C(=O)N,GLH_TYR_GLH
CC(=O)N[C@@H](Cc1c[nH]cn1)C(=O)N[C@@H](CCC(=O)N)C(=O)N[C@@H](Cc2c[nH]cn2)C(=O)N,HIS_GLN_HIS
CC(=O)N[C@@H](Cc1ccc(cc1)O)C(=O)N[C@@H](CCC(=O)N)C(=O)N[C@@H](Cc2c[nH]cn2)C(=O)N,TYR_GLN_HIS
CC(=O)N[C@@H](CCSC)C(=O)N[C@@H](Cc1c[nH]cn1)C(=O)N[C@@H](Cc2c[nH]cn2)C(=O)N,MET_HIS_HIS
CC(=O)N[C@@H](CCSC)C(=O)N[C@@H](Cc1c[nH]c2c1cccc2)C(=O)N[C@@H](CCSC)C(=O)N,MET_TRP_MET
CC(C)C[C@@H](C(=O)N[C@@H](Cc1c[nH]c2c1cccc2)C(=O)N3CCC[C@H]3C(=O)N)NC(=O)C,LEU_TRP_PRO
CC(C)C[C@@H](C(=O)N[C@@H](Cc1ccc(cc1)O)C(=O)N[C@@H](CCC(=O)O)C(=O)N)NC(=O)C,LEU_TYR_GLH
CC(=O)N[C@@H](Cc1c[nH]cn1)C(=O)N[C@@H](CCSC)C(=O)N[C@@H](Cc2c[nH]cn2)C(=O)N,HIS_MET_HIS
CC(=O)N1CCC[C@H]1C(=O)N[C@@H](CCC(=O)O)C(=O)N[C@@H](Cc2ccc(cc2)O)C(=O)N,PRO_GLH_TYR
CC(C)C[C@@H](C(=O)N[C@@H](CCC(=O)O)C(=O)N)NC(=O)[C@H](Cc1c[nH]c2c1cccc2)NC(=O)C,TRP_LEU_GLH
CC(=O)N1CCC[C@H]1C(=O)N[C@@H](CCSC)C(=O)N[C@@H](CCC(=O)O)C(=O)N,PRO_MET_GLH
CC(C)C[C@@H](C(=O)N)NC(=O)[C@H](CC(C)C)NC(=O)[C@H](CC(C)C)NC(=O)C,LEU_LEU_LEU
CC(=O)N[C@@H](Cc1c[nH]c2c1cccc2)C(=O)N[C@@H](CCSC)C(=O)N[C@@H](CCSC)C(=O)N,TRP_MET_MET
CC(C)C[C@@H](C(=O)N[C@@H](CCSC)C(=O)N)NC(=O)[C@@H]1CCCN1C(=O)C,PRO_LEU_MET
CC(C)C[C@@H](C(=O)N[C@@H](CCC(=O)N)C(=O)N[C@@H](CCC(=O)O)C(=O)N)NC(=O)C,LEU_GLN_GLH
CC(=O)N[C@@H](Cc1ccc(cc1)O)C(=O)N[C@@H](CCSC)C(=O)N[C@@H](Cc2ccc(cc2)O)C(=O)N,TYR_MET_TYR
CC(=O)N[C@@H](Cc1ccc(cc1)O)C(=O)N[C@@H](CCC(=O)O)C(=O)N[C@@H](CCC(=O)O)C(=O)N,TYR_GLH_GLH
CC(=O)N[C@@H](Cc1c[nH]cn1)C(=O)N[C@@H](CCC(=O)O)C(=O)N[C@@H](CCC(=O)O)C(=O)N,HIS_GLH_GLH
CC(=O)N[C@@H](CCSC)C(=O)N[C@@H](CCSC)C(=O)N[C@@H](CCSC)C(=O)N,MET_MET_MET
CC(C)C[C@@H](C(=O)N[C@@H](CC(C)C)C(=O)N[C@@H](Cc1c[nH]c2c1cccc2)C(=O)N)NC(=O)C,LEU_LEU_TRP
CC(C)C[C@@H](C(=O)N[C@@H](CCC(=O)O)C(=O)N)NC(=O)[C@H](CCSC)NC(=O)C,MET_LEU_GLH
CC(=O)N[C@@H](Cc1c[nH]c2c1cccc2)C(=O)N[C@@H](Cc3c[nH]c4c3cccc4)C(=O)N[C@@H](Cc5c[nH]c6c5cccc6)C(=O)N,TRP_TRP_TRP
CC(=O)N[C@@H](Cc1c[nH]c2c1cccc2)C(=O)N[C@@H](CCC(=O)N)C(=O)N[C@@H](Cc3c[nH]c4c3cccc4)C(=O)N,TRP_GLN_TRP
CC(=O)N[C@@H](CCC(=O)N)C(=O)N[C@@H](CCC(=O)O)C(=O)N[C@@H](CCSC)C(=O)N,GLN_GLH_MET
CC(=O)N[C@@H](Cc1ccc(cc1)O)C(=O)N[C@@H](CCSC)C(=O)N[C@@H](Cc2c[nH]cn2)C(=O)N,TYR_MET_HIS
CC(=O)N[C@@H](CCC(=O)O)C(=O)N[C@@H](CCC(=O)N)C(=O)N[C@@H](CCC(=O)O)C(=O)N,GLH_GLN_GLH
CC(=O)N[C@@H](Cc1ccc(cc1)O)C(=O)N[C@@H](Cc2ccc(cc2)O)C(=O)N[C@@H](Cc3ccc(cc3)O)C(=O)N,TYR_TYR_TYR
CC(=O)N1CCC[C@H]1C(=O)N[C@@H](CCC(=O)N)C(=O)N2CCC[C@H]2C(=O)N,PRO_GLN_PRO
CC(=O)N1CCC[C@H]1C(=O)N[C@@H](Cc2c[nH]c3c2cccc3)C(=O)N4CCC[C@H]4C(=O)N,PRO_TRP_PRO
CC(=O)N[C@@H](Cc1c[nH]c2c1cccc2)C(=O)N3CCC[C@H]3C(=O)N[C@@H](Cc4c[nH]cn4)C(=O)N,TRP_PRO_HIS
CC(=O)N[C@@H](CCC(=O)N)C(=O)N1CCC[C@H]1C(=O)N[C@@H](CCC(=O)O)C(=O)N,GLN_PRO_GLH
CC(=O)N[C@@H](Cc1c[nH]c2c1cccc2)C(=O)N[C@@H](Cc3c[nH]cn3)C(=O)N[C@@H](CCC(=O)N)C(=O)N,TRP_HIS_GLN
CC(C)C[C@@H](C(=O)N[C@@H](CCSC)C(=O)N1CCC[C@H]1C(=O)N)NC(=O)C,LEU_MET_PRO
CC(=O)N1CCC[C@H]1C(=O)N[C@@H](Cc2ccc(cc2)O)C(=O)N[C@@H](CCC(=O)O)C(=O)N,PRO_TYR_GLH
CC(=O)N[C@@H](Cc1c[nH]cn1)C(=O)N[C@@H](Cc2ccc(cc2)O)C(=O)N[C@@H](Cc3c[nH]cn3)C(=O)N,HIS_TYR_HIS
CC(=O)N[C@@H](Cc1ccc(cc1)O)C(=O)N[C@@H](Cc2ccc(cc2)O)C(=O)N[C@@H](Cc3c[nH]cn3)C(=O)N,TYR_TYR_HIS
CC(=O)N[C@@H](Cc1ccc(cc1)O)C(=O)N[C@@H](Cc2c[nH]c3c2cccc3)C(=O)N[C@@H](CCC(=O)N)C(=O)N,TYR_TRP_GLN
CC(C)C[C@@H](C(=O)N[C@@H](CCC(=O)O)C(=O)N[C@@H](CCC(=O)N)C(=O)N)NC(=O)C,LEU_GLH_GLN
CC(=O)N[C@@H](Cc1ccc(cc1)O)C(=O)N[C@@H](CCC(=O)N)C(=O)N[C@@H](CCC(=O)N)C(=O)N,TYR_GLN_GLN
CC(=O)N[C@@H](Cc1ccc(cc1)O)C(=O)N2CCC[C@H]2C(=O)N[C@@H](CCSC)C(=O)N,TYR_PRO_MET
CC(=O)N[C@@H](Cc1c[nH]c2c1cccc2)C(=O)N3CCC[C@H]3C(=O)N[C@@H](Cc4ccc(cc4)O)C(=O)N,TRP_PRO_TYR
CC(=O)N[C@@H](CCSC)C(=O)N1CCC[C@H]1C(=O)N[C@@H](Cc2c[nH]cn2)C(=O)N,MET_PRO_HIS
CC(=O)N[C@@H](CCC(=O)N)C(=O)N[C@@H](Cc1c[nH]cn1)C(=O)N[C@@H](Cc2c[nH]cn2)C(=O)N,GLN_HIS_HIS
CC(C)C[C@@H](C(=O)N[C@@H](CCSC)C(=O)N[C@@H](Cc1c[nH]cn1)C(=O)N)NC(=O)C,LEU_MET_HIS
CC(=O)N[C@@H](CCC(=O)N)C(=O)N[C@@H](Cc1c[nH]c2c1cccc2)C(=O)N[C@@H](CCSC)C(=O)N,GLN_TRP_MET
CC(=O)N1CCC[C@H]1C(=O)N[C@@H](Cc2c[nH]cn2)C(=O)N[C@@H](CCSC)C(=O)N,PRO_HIS_MET
CC(=O)N1CCC[C@H]1C(=O)N[C@@H](Cc2ccc(cc2)O)C(=O)N[C@@H](CCC(=O)N)C(=O)N,PRO_TYR_GLN
CC(C)C[C@@H](C(=O)N)NC(=O)[C@H](Cc1c[nH]cn1)NC(=O)[C@H](CC(C)C)NC(=O)C,LEU_HIS_LEU
CC(=O)N[C@@H](Cc1c[nH]cn1)C(=O)N[C@@H](Cc2c[nH]c3c2cccc3)C(=O)N[C@@H](CCC(=O)O)C(=O)N,HIS_TRP_GLH
CC(=O)N1CCC[C@H]1C(=O)N[C@@H](Cc2c[nH]c3c2cccc3)C(=O)N[C@@H](Cc4c[nH]cn4)C(=O)N,PRO_TRP_HIS
CC(=O)N1CCC[C@H]1C(=O)N[C@@H](CCC(=O)N)C(=O)N[C@@H](Cc2c[nH]cn2)C(=O)N,PRO_GLN_HIS
CC(C)C[C@@H](C(=O)N[C@@H](Cc1c[nH]cn1)C(=O)N[C@@H](Cc2c[nH]c3c2cccc3)C(=O)N)NC(=O)C,LEU_HIS_TRP
CC(=O)N[C@@H](Cc1ccc(cc1)O)C(=O)N[C@@H](Cc2c[nH]c3c2cccc3)C(=O)N[C@@H](CCC(=O)O)C(=O)N,TYR_TRP_GLH
CC(C)C[C@@H](C(=O)N[C@@H](CCC(=O)O)C(=O)N[C@@H](CCC(=O)O)C(=O)N)NC(=O)C,LEU_GLH_GLH
CC(=O)N1CCC[C@H]1C(=O)N[C@@H](Cc2c[nH]c3c2cccc3)C(=O)N[C@@H](Cc4ccc(cc4)O)C(=O)N,PRO_TRP_TYR
CC(C)C[C@@H](C(=O)N[C@@H](CCC(=O)N)C(=O)N)NC(=O)[C@H](Cc1c[nH]c2c1cccc2)NC(=O)C,TRP_LEU_GLN
CC(=O)N1CCC[C@H]1C(=O)N[C@@H](CCSC)C(=O)N[C@@H](CCC(=O)N)C(=O)N,PRO_MET_GLN
CC(C)C[C@@H](C(=O)N[C@@H](Cc1c[nH]c2c1cccc2)C(=O)N[C@@H](CCC(=O)N)C(=O)N)NC(=O)C,LEU_TRP_GLN
CC(C)C[C@@H](C(=O)N[C@@H](CCC(=O)N)C(=O)N[C@@H](CCC(=O)N)C(=O)N)NC(=O)C,LEU_GLN_GLN
CC(C)C[C@@H](C(=O)N1CCC[C@H]1C(=O)N[C@@H](CCSC)C(=O)N)NC(=O)C,LEU_PRO_MET
CC(=O)N1CCC[C@H]1C(=O)N2CCC[C@H]2C(=O)N[C@@H](Cc3c[nH]c4c3cccc4)C(=O)N,PRO_PRO_TRP
CC(=O)N[C@@H](CCC(=O)O)C(=O)N[C@@H](CCC(=O)O)C(=O)N[C@@H](CCC(=O)O)C(=O)N,GLH_GLH_GLH
CC(C)C[C@@H](C(=O)N[C@@H](Cc1ccc(cc1)O)C(=O)N[C@@H](Cc2ccc(cc2)O)C(=O)N)NC(=O)C,LEU_TYR_TYR
CC(C)C[C@@H](C(=O)N[C@@H](Cc1ccc(cc1)O)C(=O)N2CCC[C@H]2C(=O)N)NC(=O)C,LEU_TYR_PRO
CC(C)C[C@@H](C(=O)N[C@@H](Cc1c[nH]cn1)C(=O)N)NC(=O)[C@H](CCC(=O)N)NC(=O)C,GLN_LEU_HIS
CC(C)C[C@@H](C(=O)N[C@@H](Cc1c[nH]c2c1cccc2)C(=O)N[C@@H](CCC(=O)O)C(=O)N)NC(=O)C,LEU_TRP_GLH
CC(=O)N1CCC[C@H]1C(=O)N[C@@H](CCC(=O)O)C(=O)N[C@@H](Cc2c[nH]cn2)C(=O)N,PRO_GLH_HIS
CC(=O)N[C@@H](CCC(=O)O)C(=O)N[C@@H](Cc1c[nH]c2c1cccc2)C(=O)N[C@@H](CCC(=O)O)C(=O)N,GLH_TRP_GLH
CC(=O)N[C@@H](Cc1c[nH]c2c1cccc2)C(=O)N[C@@H](Cc3ccc(cc3)O)C(=O)N[C@@H](CCSC)C(=O)N,TRP_TYR_MET
CC(=O)N[C@@H](CCSC)C(=O)N[C@@H](Cc1ccc(cc1)O)C(=O)N[C@@H](CCSC)C(=O)N,MET_TYR_MET
CC(=O)N[C@@H](CCC(=O)N)C(=O)N[C@@H](CCC(=O)N)C(=O)N[C@@H](CCSC)C(=O)N,GLN_GLN_MET
CC(=O)N[C@@H](Cc1c[nH]c2c1cccc2)C(=O)N[C@@H](CCC(=O)O)C(=O)N[C@@H](Cc3c[nH]c4c3cccc4)C(=O)N,TRP_GLH_TRP
CC(=O)N[C@@H](CCC(=O)N)C(=O)N1CCC[C@H]1C(=O)N[C@@H](CCC(=O)N)C(=O)N,GLN_PRO_GLN
CC(=O)N[C@@H](Cc1c[nH]c2c1cccc2)C(=O)N[C@@H](Cc3c[nH]cn3)C(=O)N[C@@H](CCC(=O)O)C(=O)N,TRP_HIS_GLH
CC(=O)N[C@@H](Cc1c[nH]cn1)C(=O)N[C@@H](CCC(=O)N)C(=O)N[C@@H](CCC(=O)O)C(=O)N,HIS_GLN_GLH
CC(C)C[C@@H](C(=O)N[C@@H](CCSC)C(=O)N[C@@H](Cc1ccc(cc1)O)C(=O)N)NC(=O)C,LEU_MET_TYR
CC(=O)N[C@@H](Cc1ccc(cc1)O)C(=O)N[C@@H](CCC(=O)N)C(=O)N[C@@H](CCC(=O)O)C(=O)N,TYR_GLN_GLH
CC(=O)N1CCC[C@H]1C(=O)N[C@@H](CCC(=O)N)C(=O)N[C@@H](Cc2ccc(cc2)O)C(=O)N,PRO_GLN_TYR
CC(=O)N[C@@H](CCSC)C(=O)N[C@@H](Cc1c[nH]cn1)C(=O)N[C@@H](CCC(=O)O)C(=O)N,MET_HIS_GLH
CC(C)C[C@@H](C(=O)N[C@@H](Cc1ccc(cc1)O)C(=O)N[C@@H](Cc2c[nH]cn2)C(=O)N)NC(=O)C,LEU_TYR_HIS
CC(=O)N[C@@H](Cc1ccc(cc1)O)C(=O)N[C@@H](CCC(=O)O)C(=O)N[C@@H](CCC(=O)N)C(=O)N,TYR_GLH_GLN
CC(=O)N1CCC[C@H]1C(=O)N[C@@H](CCC(=O)O)C(=O)N2CCC[C@H]2C(=O)N,PRO_GLH_PRO
CC(C)C[C@@H](C(=O)N1CCC[C@H]1C(=O)N[C@@H](CCC(=O)N)C(=O)N)NC(=O)C,LEU_PRO_GLN
CC(=O)N[C@@H](Cc1c[nH]c2c1cccc2)C(=O)N[C@@H](CCSC)C(=O)N[C@@H](CCC(=O)O)C(=O)N,TRP_MET_GLH
CC(C)C[C@@H](C(=O)N[C@@H](CCC(=O)O)C(=O)N)NC(=O)[C@@H]1CCCN1C(=O)C,PRO_LEU_GLH
CC(=O)N[C@@H](Cc1c[nH]c2c1cccc2)C(=O)N[C@@H](CCC(=O)O)C(=O)N[C@@H](Cc3ccc(cc3)O)C(=O)N,TRP_GLH_TYR
CC(C)C[C@@H](C(=O)N[C@@H](CCC(=O)N)C(=O)N[C@@H](CCSC)C(=O)N)NC(=O)C,LEU_GLN_MET
CC(=O)N[C@@H](Cc1ccc(cc1)O)C(=O)N[C@@H](CCC(=O)O)C(=O)N[C@@H](CCSC)C(=O)N,TYR_GLH_MET
CC(=O)N[C@@H](CCC(=O)N)C(=O)N[C@@H](CCSC)C(=O)N[C@@H](Cc1c[nH]cn1)C(=O)N,GLN_MET_HIS
CC(=O)N[C@@H](CCSC)C(=O)N[C@@H](CCC(=O)O)C(=O)N[C@@H](Cc1c[nH]cn1)C(=O)N,MET_GLH_HIS
CC(C)C[C@@H](C(=O)N[C@@H](Cc1ccc(cc1)O)C(=O)N)NC(=O)[C@H](Cc2ccc(cc2)O)NC(=O)C,TYR_LEU_TYR
CC(C)C[C@@H](C(=O)N[C@@H](CCSC)C(=O)N)NC(=O)[C@H](Cc1c[nH]c2c1cccc2)NC(=O)C,TRP_LEU_MET
CC(=O)N1CCC[C@H]1C(=O)N[C@@H](CCSC)C(=O)N[C@@H](CCSC)C(=O)N,PRO_MET_MET
CC(C)C[C@@H](C(=O)N[C@@H](Cc1c[nH]cn1)C(=O)N[C@@H](Cc2ccc(cc2)O)C(=O)N)NC(=O)C,LEU_HIS_TYR
CC(C)C[C@@H](C(=O)N[C@@H](CCSC)C(=O)N[C@@H](Cc1c[nH]c2c1cccc2)C(=O)N)NC(=O)C,LEU_MET_TRP
CC(C)C[C@@H](C(=O)N[C@@H](CCSC)C(=O)N)NC(=O)[C@H](CCSC)NC(=O)C,MET_LEU_MET
CC(=O)N[C@@H](CCC(=O)N)C(=O)N[C@@H](CCC(=O)O)C(=O)N[C@@H](CCC(=O)O)C(=O)N,GLN_GLH_GLH
CC(=O)N[C@@H](Cc1c[nH]c2c1cccc2)C(=O)N[C@@H](CCC(=O)O)C(=O)N[C@@H](Cc3c[nH]cn3)C(=O)N,TRP_GLH_HIS
CC(=O)N1CCC[C@H]1C(=O)N[C@@H](CCC(=O)N)C(=O)N[C@@H](Cc2c[nH]c3c2cccc3)C(=O)N,PRO_GLN_TRP
CC(=O)N[C@@H](CCSC)C(=O)N[C@@H](CCSC)C(=O)N[C@@H](CCC(=O)O)C(=O)N,MET_MET_GLH
CC(=O)N1CCC[C@H]1C(=O)N[C@@H](Cc2ccc(cc2)O)C(=O)N[C@@H](CCSC)C(=O)N,PRO_TYR_MET
CC(C)C[C@@H](C(=O)N)NC(=O)[C@H](Cc1ccc(cc1)O)NC(=O)[C@H](CC(C)C)NC(=O)C,LEU_TYR_LEU
CC(=O)N1CCC[C@H]1C(=O)N[C@@H](Cc2c[nH]cn2)C(=O)N[C@@H](CCC(=O)N)C(=O)N,PRO_HIS_GLN
CC(=O)N[C@@H](Cc1c[nH]cn1)C(=O)N2CCC[C@H]2C(=O)N[C@@H](CCC(=O)O)C(=O)N,HIS_PRO_GLH
CC(=O)N[C@@H](CCC(=O)N)C(=O)N[C@@H](Cc1ccc(cc1)O)C(=O)N[C@@H](Cc2c[nH]cn2)C(=O)N,GLN_TYR_HIS
CC(=O)N[C@@H](CCC(=O)N)C(=O)N[C@@H](Cc1c[nH]c2c1cccc2)C(=O)N[C@@H](CCC(=O)N)C(=O)N,GLN_TRP_GLN
CC(C)C[C@@H](C(=O)N[C@@H](CC(C)C)C(=O)N1CCC[C@H]1C(=O)N)NC(=O)C,LEU_LEU_PRO
CC(=O)N[C@@H](CCC(=O)N)C(=O)N[C@@H](CCC(=O)N)C(=O)N[C@@H](CCC(=O)N)C(=O)N,GLN_GLN_GLN
CC(=O)N[C@@H](CCC(=O)N)C(=O)N1CCC[C@H]1C(=O)N[C@@H](CCSC)C(=O)N,GLN_PRO_MET
CC(=O)N1CCC[C@H]1C(=O)N2CCC[C@H]2C(=O)N[C@@H](Cc3ccc(cc3)O)C(=O)N,PRO_PRO_TYR
CC(C)C[C@@H](C(=O)N[C@@H](Cc1ccc(cc1)O)C(=O)N[C@@H](Cc2c[nH]c3c2cccc3)C(=O)N)NC(=O)C,LEU_TYR_TRP
CC(=O)N[C@@H](Cc1ccc(cc1)O)C(=O)N2CCC[C@H]2C(=O)N[C@@H](CCC(=O)O)C(=O)N,TYR_PRO_GLH
CC(=O)N[C@@H](Cc1c[nH]cn1)C(=O)N[C@@H](Cc2c[nH]cn2)C(=O)N[C@@H](Cc3c[nH]cn3)C(=O)N,HIS_HIS_HIS
CC(=O)N1CCC[C@H]1C(=O)N[C@@H](Cc2c[nH]cn2)C(=O)N[C@@H](CCC(=O)O)C(=O)N,PRO_HIS_GLH
CC(=O)N1CCC[C@H]1C(=O)N[C@@H](CCC(=O)O)C(=O)N[C@@H](Cc2c[nH]c3c2cccc3)C(=O)N,PRO_GLH_TRP
CC(C)C[C@@H](C(=O)N[C@@H](CC(C)C)C(=O)N[C@@H](Cc1c[nH]cn1)C(=O)N)NC(=O)C,LEU_LEU_HIS
CC(=O)N[C@@H](Cc1ccc(cc1)O)C(=O)N[C@@H](Cc2c[nH]cn2)C(=O)N[C@@H](Cc3ccc(cc3)O)C(=O)N,TYR_HIS_TYR
CC(=O)N[C@@H](CCC(=O)O)C(=O)N1CCC[C@H]1C(=O)N[C@@H](CCC(=O)O)C(=O)N,GLH_PRO_GLH
CC(=O)N[C@@H](Cc1c[nH]c2c1cccc2)C(=O)N[C@@H](CCC(=O)N)C(=O)N[C@@H](Cc3c[nH]cn3)C(=O)N,TRP_GLN_HIS
CC(=O)N[C@@H](CCC(=O)N)C(=O)N[C@@H](Cc1c[nH]c2c1cccc2)C(=O)N[C@@H](CCC(=O)O)C(=O)N,GLN_TRP_GLH
CC(=O)N[C@@H](Cc1c[nH]c2c1cccc2)C(=O)N[C@@H](Cc3ccc(cc3)O)C(=O)N[C@@H](CCC(=O)N)C(=O)N,TRP_TYR_GLN
CC(C)C[C@@H](C(=O)N[C@@H](CC(C)C)C(=O)N[C@@H](Cc1ccc(cc1)O)C(=O)N)NC(=O)C,LEU_LEU_TYR
CC(=O)N[C@@H](CCSC)C(=O)N[C@@H](CCC(=O)N)C(=O)N[C@@H](Cc1c[nH]cn1)C(=O)N,MET_GLN_HIS
CC(=O)N[C@@H](Cc1ccc(cc1)O)C(=O)N[C@@H](Cc2c[nH]cn2)C(=O)N[C@@H](Cc3c[nH]cn3)C(=O)N,TYR_HIS_HIS
CC(=O)N[C@@H](Cc1c[nH]c2c1cccc2)C(=O)N[C@@H](CCC(=O)N)C(=O)N[C@@H](Cc3ccc(cc3)O)C(=O)N,TRP_GLN_TYR
CC(=O)N[C@@H](Cc1c[nH]c2c1cccc2)C(=O)N[C@@H](Cc3c[nH]c4c3cccc4)C(=O)N[C@@H](Cc5ccc(cc5)O)C(=O)N,TRP_TRP_TYR
CC(=O)N[C@@H](Cc1ccc(cc1)O)C(=O)N[C@@H](Cc2c[nH]c3c2cccc3)C(=O)N[C@@H](CCSC)C(=O)N,TYR_TRP_MET
CC(C)C[C@@H](C(=O)N[C@@H](CCC(=O)O)C(=O)N[C@@H](CCSC)C(=O)N)NC(=O)C,LEU_GLH_MET
CC(C)C[C@@H](C(=O)N1CCC[C@H]1C(=O)N[C@@H](CCC(=O)O)C(=O)N)NC(=O)C,LEU_PRO_GLH
CC(C)C[C@@H](C(=O)N[C@@H](Cc1c[nH]c2c1cccc2)C(=O)N[C@@H](CCSC)C(=O)N)NC(=O)C,LEU_TRP_MET
CC(C)C[C@@H](C(=O)N[C@@H](Cc1c[nH]cn1)C(=O)N)NC(=O)[C@H](Cc2c[nH]cn2)NC(=O)C,HIS_LEU_HIS
CC(C)C[C@@H](C(=O)N[C@@H](Cc1c[nH]cn1)C(=O)N[C@@H](Cc2c[nH]cn2)C(=O)N)NC(=O)C,LEU_HIS_HIS
CC(C)C[C@@H](C(=O)N)NC(=O)[C@H](CCSC)NC(=O)[C@H](CC(C)C)NC(=O)C,LEU_MET_LEU
CC(=O)N1CCC[C@H]1C(=O)N[C@@H](Cc2c[nH]c3c2cccc3)C(=O)N[C@@H](Cc4c[nH]c5c4cccc5)C(=O)N,PRO_TRP_TRP
CC(C)C[C@@H](C(=O)N[C@@H](Cc1c[nH]cn1)C(=O)N)NC(=O)[C@H](Cc2ccc(cc2)O)NC(=O)C,TYR_LEU_HIS
CC(=O)N1CCC[C@H]1C(=O)N2CCC[C@H]2C(=O)N[C@@H](Cc3c[nH]cn3)C(=O)N,PRO_PRO_HIS
CC(=O)N[C@@H](Cc1c[nH]c2c1cccc2)C(=O)N[C@@H](Cc3ccc(cc3)O)C(=O)N[C@@H](CCC(=O)O)C(=O)N,TRP_TYR_GLH
CC(=O)N[C@@H](CCSC)C(=O)N[C@@H](Cc1ccc(cc1)O)C(=O)N[C@@H](CCC(=O)O)C(=O)N,MET_TYR_GLH
CC(=O)N[C@@H](CCC(=O)N)C(=O)N[C@@H](CCC(=O)N)C(=O)N[C@@H](CCC(=O)O)C(=O)N,GLN_GLN_GLH
CC(=O)N[C@@H](Cc1c[nH]c2c1cccc2)C(=O)N[C@@H](Cc3c[nH]c4c3cccc4)C(=O)N[C@@H](Cc5c[nH]cn5)C(=O)N,TRP_TRP_HIS
CC(=O)N[C@@H](Cc1c[nH]c2c1cccc2)C(=O)N[C@@H](Cc3c[nH]cn3)C(=O)N[C@@H](CCSC)C(=O)N,TRP_HIS_MET
CC(=O)N1CCC[C@H]1C(=O)N2CCC[C@H]2C(=O)N3CCC[C@H]3C(=O)N,PRO_PRO_PRO
CC(=O)N[C@@H](CCSC)C(=O)N[C@@H](Cc1c[nH]c2c1cccc2)C(=O)N[C@@H](Cc3c[nH]cn3)C(=O)N,MET_TRP_HIS
CC(=O)N[C@@H](CCSC)C(=O)N[C@@H](Cc1c[nH]cn1)C(=O)N[C@@H](CCSC)C(=O)N,MET_HIS_MET
CC(=O)N[C@@H](Cc1ccc(cc1)O)C(=O)N[C@@H](CCC(=O)N)C(=O)N[C@@H](CCSC)C(=O)N,TYR_GLN_MET
CC(=O)N[C@@H](Cc1ccc(cc1)O)C(=O)N2CCC[C@H]2C(=O)N[C@@H](CCC(=O)N)C(=O)N,TYR_PRO_GLN
CC(=O)N[C@@H](Cc1c[nH]c2c1cccc2)C(=O)N[C@@H](CCSC)C(=O)N[C@@H](CCC(=O)N)C(=O)N,TRP_MET_GLN
CC(C)C[C@@H](C(=O)N[C@@H](CCC(=O)N)C(=O)N)NC(=O)[C@@H]1CCCN1C(=O)C,PRO_LEU_GLN
CC(C)C[C@@H](C(=O)N[C@@H](Cc1c[nH]cn1)C(=O)N2CCC[C@H]2C(=O)N)NC(=O)C,LEU_HIS_PRO
CC(=O)N[C@@H](Cc1c[nH]c2c1cccc2)C(=O)N3CCC[C@H]3C(=O)N[C@@H](Cc4c[nH]c5c4cccc5)C(=O)N,TRP_PRO_TRP
CC(=O)N[C@@H](CCC(=O)N)C(=O)N[C@@H](CCC(=O)O)C(=O)N[C@@H](CCC(=O)N)C(=O)N,GLN_GLH_GLN
CC(=O)N[C@@H](CCC(=O)N)C(=O)N[C@@H](CCSC)C(=O)N[C@@H](CCC(=O)O)C(=O)N,GLN_MET_GLH
CC(=O)N[C@@H](Cc1c[nH]c2c1cccc2)C(=O)N[C@@H](CCSC)C(=O)N[C@@H](Cc3c[nH]cn3)C(=O)N,TRP_MET_HIS
CC(C)C[C@@H](C(=O)N[C@@H](Cc1c[nH]cn1)C(=O)N)NC(=O)[C@@H]2CCCN2C(=O)C,PRO_LEU_HIS
CC(=O)N[C@@H](CCSC)C(=O)N[C@@H](CCC(=O)O)C(=O)N[C@@H](CCC(=O)O)C(=O)N,MET_GLH_GLH
CC(C)C[C@@H](C(=O)N1CCC[C@H]1C(=O)N2CCC[C@H]2C(=O)N)NC(=O)C,LEU_PRO_PRO
CC(=O)N[C@@H](Cc1c[nH]c2c1cccc2)C(=O)N[C@@H](CCC(=O)O)C(=O)N[C@@H](CCC(=O)O)C(=O)N,TRP_GLH_GLH
CC(=O)N[C@@H](Cc1ccc(cc1)O)C(=O)N[C@@H](CCSC)C(=O)N[C@@H](CCSC)C(=O)N,TYR_MET_MET
CC(=O)N[C@@H](CCC(=O)N)C(=O)N[C@@H](CCC(=O)O)C(=O)N[C@@H](Cc1c[nH]cn1)C(=O)N,GLN_GLH_HIS
CC(=O)N[C@@H](Cc1c[nH]c2c1cccc2)C(=O)N[C@@H](Cc3c[nH]cn3)C(=O)N[C@@H](Cc4c[nH]c5c4cccc5)C(=O)N,TRP_HIS_TRP
CC(=O)N[C@@H](CCSC)C(=O)N[C@@H](CCSC)C(=O)N[C@@H](Cc1c[nH]cn1)C(=O)N,MET_MET_HIS
CC(C)C[C@@H](C(=O)N)NC(=O)[C@H](CCC(=O)O)NC(=O)[C@H](CC(C)C)NC(=O)C,LEU_GLH_LEU
CC(=O)N[C@@H](Cc1c[nH]cn1)C(=O)N2CCC[C@H]2C(=O)N[C@@H](Cc3c[nH]cn3)C(=O)N,HIS_PRO_HIS
CC(C)C[C@@H](C(=O)N[C@@H](CC(C)C)C(=O)N[C@@H](CCC(=O)N)C(=O)N)NC(=O)C,LEU_LEU_GLN
CC(=O)N1CCC[C@H]1C(=O)N[C@@H](Cc2c[nH]cn2)C(=O)N3CCC[C@H]3C(=O)N,PRO_HIS_PRO
CC(=O)N[C@@H](Cc1c[nH]c2c1cccc2)C(=O)N3CCC[C@H]3C(=O)N[C@@H](CCSC)C(=O)N,TRP_PRO_MET
CC(=O)N[C@@H](Cc1c[nH]c2c1cccc2)C(=O)N[C@@H](Cc3c[nH]c4c3cccc4)C(=O)N[C@@H](CCC(=O)N)C(=O)N,TRP_TRP_GLN
CC(=O)N[C@@H](Cc1c[nH]c2c1cccc2)C(=O)N[C@@H](CCC(=O)N)C(=O)N[C@@H](CCC(=O)N)C(=O)N,TRP_GLN_GLN
CC(=O)N[C@@H](CCC(=O)N)C(=O)N[C@@H](Cc1ccc(cc1)O)C(=O)N[C@@H](CCC(=O)O)C(=O)N,GLN_TYR_GLH
CC(=O)N[C@@H](CCSC)C(=O)N1CCC[C@H]1C(=O)N[C@@H](CCSC)C(=O)N,MET_PRO_MET
CC(=O)N[C@@H](Cc1ccc(cc1)O)C(=O)N2CCC[C@H]2C(=O)N[C@@H](Cc3c[nH]cn3)C(=O)N,TYR_PRO_HIS
CC(=O)N[C@@H](Cc1ccc(cc1)O)C(=O)N[C@@H](Cc2c[nH]cn2)C(=O)N[C@@H](CCC(=O)N)C(=O)N,TYR_HIS_GLN
CC(=O)N[C@@H](Cc1ccc(cc1)O)C(=O)N[C@@H](Cc2ccc(cc2)O)C(=O)N[C@@H](CCSC)C(=O)N,TYR_TYR_MET
CC(=O)N[C@@H](Cc1c[nH]c2c1cccc2)C(=O)N[C@@H](Cc3ccc(cc3)O)C(=O)N[C@@H](Cc4ccc(cc4)O)C(=O)N,TRP_TYR_TYR
CC(C)C[C@@H](C(=O)N[C@@H](CC(C)C)C(=O)N[C@@H](CCC(=O)O)C(=O)N)NC(=O)C,LEU_LEU_GLH
CC(=O)N1CCC[C@H]1C(=O)N[C@@H](CCC(=O)N)C(=O)N[C@@H](CCSC)C(=O)N,PRO_GLN_MET
CC(=O)N1CCC[C@H]1C(=O)N[C@@H](Cc2c[nH]c3c2cccc3)C(=O)N[C@@H](CCSC)C(=O)N,PRO_TRP_MET
CC(=O)N1CCC[C@H]1C(=O)N2CCC[C@H]2C(=O)N[C@@H](CCC(=O)N)C(=O)N,PRO_PRO_GLN
CC(C)C[C@@H](C(=O)N)NC(=O)[C@H](Cc1c[nH]c2c1cccc2)NC(=O)[C@H](CC(C)C)NC(=O)C,LEU_TRP_LEU
CC(C)C[C@@H](C(=O)N)NC(=O)[C@H](CCC(=O)N)NC(=O)[C@H](CC(C)C)NC(=O)C,LEU_GLN_LEU
CC(=O)N[C@@H](Cc1c[nH]cn1)C(=O)N[C@@H](Cc2c[nH]cn2)C(=O)N[C@@H](CCC(=O)O)C(=O)N,HIS_HIS_GLH
CC(=O)N1CCC[C@H]1C(=O)N[C@@H](Cc2c[nH]cn2)C(=O)N[C@@H](Cc3c[nH]cn3)C(=O)N,PRO_HIS_HIS
CC(=O)N[C@@H](CCC(=O)N)C(=O)N[C@@H](Cc1c[nH]c2c1cccc2)C(=O)N[C@@H](Cc3c[nH]cn3)C(=O)N,GLN_TRP_HIS
CC(=O)N[C@@H](Cc1c[nH]c2c1cccc2)C(=O)N[C@@H](CCC(=O)N)C(=O)N[C@@H](CCC(=O)O)C(=O)N,TRP_GLN_GLH
CC(=O)N[C@@H](CCC(=O)N)C(=O)N[C@@H](Cc1ccc(cc1)O)C(=O)N[C@@H](CCC(=O)N)C(=O)N,GLN_TYR_GLN
CC(C)C[C@@H](C(=O)N[C@@H](CCSC)C(=O)N[C@@H](CCSC)C(=O)N)NC(=O)C,LEU_MET_MET
CC(=O)N[C@@H](CCC(=O)N)C(=O)N[C@@H](Cc1c[nH]cn1)C(=O)N[C@@H](CCSC)C(=O)N,GLN_HIS_MET
CC(=O)N[C@@H](CCSC)C(=O)N[C@@H](CCC(=O)N)C(=O)N[C@@H](CCC(=O)O)C(=O)N,MET_GLN_GLH
CC(=O)N1CCC[C@H]1C(=O)N[C@@H](CCSC)C(=O)N[C@@H](Cc2c[nH]c3c2cccc3)C(=O)N,PRO_MET_TRP
CC(C)C[C@@H](C(=O)N[C@@H](Cc1c[nH]c2c1cccc2)C(=O)N)NC(=O)[C@H](Cc3c[nH]c4c3cccc4)NC(=O)C,TRP_LEU_TRP
CC(=O)N1CCC[C@H]1C(=O)N[C@@H](Cc2c[nH]cn2)C(=O)N[C@@H](Cc3ccc(cc3)O)C(=O)N,PRO_HIS_TYR
CC(C)C[C@@H](C(=O)N[C@@H](Cc1c[nH]c2c1cccc2)C(=O)N[C@@H](Cc3c[nH]c4c3cccc4)C(=O)N)NC(=O)C,LEU_TRP_TRP
CC(C)C[C@@H](C(=O)N[C@@H](CCC(=O)N)C(=O)N[C@@H](Cc1c[nH]c2c1cccc2)C(=O)N)NC(=O)C,LEU_GLN_TRP
CC(=O)N[C@@H](Cc1ccc(cc1)O)C(=O)N[C@@H](Cc2c[nH]cn2)C(=O)N[C@@H](CCC(=O)O)C(=O)N,TYR_HIS_GLH
CC(C)C[C@@H](C(=O)N[C@@H](Cc1c[nH]cn1)C(=O)N[C@@H](CCC(=O)N)C(=O)N)NC(=O)C,LEU_HIS_GLN
CC(C)C[C@@H](C(=O)N1CCC[C@H]1C(=O)N[C@@H](Cc2c[nH]cn2)C(=O)N)NC(=O)C,LEU_PRO_HIS
CC(=O)N[C@@H](CCC(=O)N)C(=O)N[C@@H](CCSC)C(=O)N[C@@H](CCC(=O)N)C(=O)N,GLN_MET_GLN
CC(C)C[C@@H](C(=O)N1CCC[C@H]1C(=O)N)NC(=O)[C@@H]2CCCN2C(=O)C,PRO_LEU_PRO
CC(C)C[C@@H](C(=O)N[C@@H](CCC(=O)O)C(=O)N)NC(=O)[C@H](CCC(=O)O)NC(=O)C,GLH_LEU_GLH
CC(C)C[C@@H](C(=O)N1CCC[C@H]1C(=O)N[C@@H](Cc2ccc(cc2)O)C(=O)N)NC(=O)C,LEU_PRO_TYR
CC(=O)N[C@@H](Cc1c[nH]c2c1cccc2)C(=O)N[C@@H](CCC(=O)O)C(=O)N[C@@H](CCC(=O)N)C(=O)N,TRP_GLH_GLN
CC(C)C[C@@H](C(=O)N[C@@H](CCC(=O)N)C(=O)N)NC(=O)[C@H](Cc1ccc(cc1)O)NC(=O)C,TYR_LEU_GLN
CC(C)C[C@@H](C(=O)N[C@@H](Cc1c[nH]cn1)C(=O)N[C@@H](CCC(=O)O)C(=O)N)NC(=O)C,LEU_HIS_GLH
CC(C)C[C@@H](C(=O)N[C@@H](CCC(=O)O)C(=O)N)NC(=O)[C@H](Cc1c[nH]cn1)NC(=O)C,HIS_LEU_GLH
CC(C)C[C@@H](C(=O)N[C@@H](CCC(=O)O)C(=O)N[C@@H](Cc1c[nH]c2c1cccc2)C(=O)N)NC(=O)C,LEU_GLH_TRP
CC(C)C[C@@H](C(=O)N[C@@H](CCSC)C(=O)N)NC(=O)[C@H](CCC(=O)N)NC(=O)C,GLN_LEU_MET
CC(=O)N[C@@H](Cc1c[nH]c2c1cccc2)C(=O)N[C@@H](CCSC)C(=O)N[C@@H](Cc3ccc(cc3)O)C(=O)N,TRP_MET_TYR
CC(C)C[C@@H](C(=O)N[C@@H](Cc1ccc(cc1)O)C(=O)N)NC(=O)[C@@H]2CCCN2C(=O)C,PRO_LEU_TYR
CC(C)C[C@@H](C(=O)N[C@@H](CCC(=O)O)C(=O)N)NC(=O)[C@H](Cc1ccc(cc1)O)NC(=O)C,TYR_LEU_GLH
CC(=O)N1CCC[C@H]1C(=O)N[C@@H](CCC(=O)O)C(=O)N[C@@H](CCSC)C(=O)N,PRO_GLH_MET
CC(=O)N1CCC[C@H]1C(=O)N2CCC[C@H]2C(=O)N[C@@H](CCC(=O)O)C(=O)N,PRO_PRO_GLH
CC(=O)N[C@@H](Cc1c[nH]c2c1cccc2)C(=O)N[C@@H](Cc3ccc(cc3)O)C(=O)N[C@@H](Cc4c[nH]cn4)C(=O)N,TRP_TYR_HIS
CC(=O)N[C@@H](CCC(=O)O)C(=O)N[C@@H](Cc1c[nH]cn1)C(=O)N[C@@H](CCC(=O)O)C(=O)N,GLH_HIS_GLH
CC(=O)N[C@@H](Cc1ccc(cc1)O)C(=O)N2CCC[C@H]2C(=O)N[C@@H](Cc3ccc(cc3)O)C(=O)N,TYR_PRO_TYR
CC(=O)N[C@@H](CCSC)C(=O)N[C@@H](Cc1ccc(cc1)O)C(=O)N[C@@H](Cc2c[nH]cn2)C(=O)N,MET_TYR_HIS
CC(=O)N[C@@H](Cc1c[nH]c2c1cccc2)C(=O)N[C@@H](Cc3c[nH]c4c3cccc4)C(=O)N[C@@H](CCC(=O)O)C(=O)N,TRP_TRP_GLH
CC(=O)N[C@@H](CCC(=O)N)C(=O)N[C@@H](CCC(=O)N)C(=O)N[C@@H](Cc1c[nH]cn1)C(=O)N,GLN_GLN_HIS
CC(=O)N[C@@H](CCSC)C(=O)N[C@@H](Cc1c[nH]c2c1cccc2)C(=O)N[C@@H](CCC(=O)O)C(=O)N,MET_TRP_GLH
CC(C)C[C@@H](C(=O)N[C@@H](Cc1ccc(cc1)O)C(=O)N[C@@H](CCSC)C(=O)N)NC(=O)C,LEU_TYR_MET
CC(=O)N1CCC[C@H]1C(=O)N[C@@H](Cc2ccc(cc2)O)C(=O)N[C@@H](Cc3c[nH]c4c3cccc4)C(=O)N,PRO_TYR_TRP
CC(C)[C@@H](C(=O)N[C@@H](CSSC[C@@H](C(=O)N1CCC[C@H]1C(=O)N)NC(=O)[C@H](CC(=O)N)NC(=O)C)C(=O)N[C@@H](CCC(=O)N)C(=O)N)NC(=O)C,1c8e
C[C@@H](C(=O)N[C@@H](CSSC[C@@H](C(=O)NCC(=O)N)NC(=O)[C@H](CCC(=O)N)NC(=O)C)C(=O)NCC(=O)N)NC(=O)C,1bwz
CC(=O)N[C@@H](Cc1ccccc1)C(=O)N[C@@H](CSSC[C@@H](C(=O)N[C@@H](CCC(=O)N)C(=O)N)NC(=O)[C@H](CC(=O)[O-])NC(=O)C)C(=O)N[C@@H](CO)C(=O)N,1qe0
CC[C@H](C)[C@@H](C(=O)N[C@@H](CSSC[C@@H](C(=O)NCC(=O)N)NC(=O)[C@H](Cc1ccccc1)NC(=O)C)C(=O)N2CCC[C@H]2C(=O)N)NC(=O)C,3tn9
CC(C)C[C@@H](C(=O)N)NC(=O)[C@H](CSSC[C@@H](C(=O)NCC(=O)N)NC(=O)CNC(=O)C)NC(=O)[C@H](CC(C)C)NC(=O)C,1gku
CC(=O)N[C@@H](CC(=O)N)C(=O)N[C@@H](CSSC[C@@H](C(=O)N[C@@H](CCCNC(=[NH2+])N)C(=O)N)NC(=O)[C@H](CO)NC(=O)C)C(=O)N[C@@H](Cc1ccc(cc1)O)C(=O)N,1bmg
C[C@H]([C@@H](C(=O)N[C@@H](CSSC[C@@H](C(=O)N[C@@H](CO)C(=O)N)NC(=O)[C@H]([C@@H](C)O)NC(=O)C)C(=O)N[C@@H](CC(=O)N)C(=O)N)NC(=O)C)O,4q4j
C[C@@H](C(=O)N[C@@H](CSSC[C@@H](C(=O)N[C@@H](CCCC[NH3+])C(=O)N)NC(=O)[C@H](CC(=O)[O-])NC(=O)C)C(=O)N[C@@H](CCC(=O)N)C(=O)N)NC(=O)C,1aum
C[C@@H](C(=O)N)NC(=O)[C@H](CSSC[C@@H](C(=O)N[C@@H](C(C)C)C(=O)N)NC(=O)[C@H](CO)NC(=O)C)NC(=O)[C@H](CO)NC(=O)C,4d2g
CC(C)C[C@@H](C(=O)N)NC(=O)[C@H](CSSC[C@@H](C(=O)N[C@@H](CC(C)C)C(=O)N)NC(=O)[C@H](CC(=O)[O-])NC(=O)C)NC(=O)[C@H](CC(=O)[O-])NC(=O)C,2p62
C[C@H]([C@@H](C(=O)N)NC(=O)[C@H](CSSC[C@@H](C(=O)N[C@@H](C(C)C)C(=O)N)NC(=O)[C@H]([C@@H](C)O)NC(=O)C)NC(=O)CNC(=O)C)O,3a0f
CC[C@H](C)[C@@H](C(=O)N)NC(=O)[C@H](CSSC[C@@H](C(=O)N[C@@H]([C@@H](C)CC)C(=O)N)NC(=O)[C@@H]1CCCN1C(=O)C)NC(=O)[C@@H]2CCCN2C(=O)C,5j6e
CC(=O)N[C@@H](CO)C(=O)N[C@H]1CSSC[C@H](NC(=O)[C@@H](NC1=O)CO)C(=O)N[C@@H](CCSC)C(=O)N,1tmf
C[C@H]([C@@H](C(=O)N[C@@H](CSSC[C@@H](C(=O)N[C@@H](CCC(=O)[O-])C(=O)N)NC(=O)[C@H](Cc1ccccc1)NC(=O)C)C(=O)N[C@@H](CCC(=O)[O-])C(=O)N)NC(=O)C)O,1xyh
CC(C)C[C@@H](C(=O)N)NC(=O)[C@H](CSSC[C@@H](C(=O)N[C@@H](CCC(=O)N)C(=O)N)NC(=O)[C@H](CCCNC(=[NH2+])N)NC(=O)C)NC(=O)[C@H](CCCC[NH3+])NC(=O)C,3v6y
CC[C@H](C)[C@@H](C(=O)N[C@@H](CSSC[C@@H](C(=O)N[C@@H](CCCNC(=[NH2+])N)C(=O)N)NC(=O)CNC(=O)C)C(=O)N[C@@H](CO)C(=O)N)NC(=O)C,4yzy
C[C@@H](C(=O)N)NC(=O)[C@H](CSSC[C@@H](C(=O)N[C@@H](C(C)C)C(=O)N)NC(=O)[C@H](C)NC(=O)C)NC(=O)[C@H](CCCC[NH3+])NC(=O)C,1nov
CC[C@H](C)[C@@H](C(=O)N[C@@H](CSSC[C@@H](C(=O)N[C@@H](CO)C(=O)N)NC(=O)[C@H](CCCNC(=[NH2+])N)NC(=O)C)C(=O)N[C@@H](CC(=O)N)C(=O)N)NC(=O)C,5k93
CC[C@H](C)[C@@H](C(=O)N[C@@H](CSSC[C@@H](C(=O)N[C@@H](CC(C)C)C(=O)N)NC(=O)[C@H]([C@@H](C)CC)NC(=O)C)C(=O)N[C@@H](CC(C)C)C(=O)N)NC(=O)C,2h2y
C[C@@H](C(=O)N)NC(=O)[C@H](CSSC[C@@H](C(=O)N[C@@H](CCCC[NH3+])C(=O)N)NC(=O)[C@H](CC(C)C)NC(=O)C)NC(=O)[C@H](CCC(=O)[O-])NC(=O)C,5d0o
CC(=O)NCC(=O)N[C@@H](CSSC[C@@H](C(=O)N[C@@H](CCC(=O)[O-])C(=O)N)NC(=O)[C@H](CCC(=O)N)NC(=O)C)C(=O)N[C@@H](CCCC[NH3+])C(=O)N,4jvy
CC(=O)N[C@@H](CCC(=O)[O-])C(=O)N[C@@H](CSSC[C@@H](C(=O)N[C@@H](CC(=O)N)C(=O)N)NC(=O)[C@H](CCC(=O)[O-])NC(=O)C)C(=O)N[C@@H](CC(=O)N)C(=O)N,4jup
CC(C)[C@@H](C(=O)N[C@@H](CSSC[C@@H](C(=O)N[C@@H](Cc1ccccc1)C(=O)N)NC(=O)[C@H](CO)NC(=O)C)C(=O)N[C@@H](CCCNC(=[NH2+])N)C(=O)N)NC(=O)C,2z8h
C[C@@H](C(=O)N)NC(=O)[C@H](CSSC[C@@H](C(=O)N[C@@H](C)C(=O)N)NC(=O)[C@H](C)NC(=O)C)NC(=O)[C@H](C)NC(=O)C,4xfu
C[C@@H](C(=O)N)NC(=O)[C@H](CSSC[C@@H](C(=O)N[C@@H](Cc1ccc(cc1)O)C(=O)N)NC(=O)[C@H](CC(=O)N)NC(=O)C)NC(=O)CNC(=O)C,2a8z
CC[C@H](C)[C@@H](C(=O)N)NC(=O)[C@H](CSSC[C@@H](C(=O)N[C@@H](Cc1ccccc1)C(=O)N)NC(=O)[C@H](CCCNC(=[NH2+])N)NC(=O)C)NC(=O)[C@H](CCCNC(=[NH2+])N)NC(=O)C,1avp
CC(C)[C@@H](C(=O)N[C@@H](CSSC[C@@H](C(=O)N[C@@H](Cc1ccccc1)C(=O)N)NC(=O)[C@H](CO)NC(=O)C)C(=O)N[C@@H](CC(=O)N)C(=O)N)NC(=O)C,1zzd
C[C@H]([C@@H](C(=O)N)NC(=O)CNC(=O)[C@H](CSSC[C@@H](C(=O)N)NC(=O)[C@H](CC(C)C)NC(=O)CNC(=O)C)NC(=O)C)O,1mry
CC(C)[C@@H](C(=O)N)NC(=O)[C@@H]1CSSC[C@@H](C(=O)NCC(=O)NCC(=O)N1)NC(=O)[C@H](Cc2c[nH]cn2)NC(=O)C,5lad
CC(=O)NCC(=O)N[C@@H](CSSC[C@@H](C(=O)N[C@@H](CCSC)C(=O)N)NC(=O)[C@@H]1CCCN1C(=O)C)C(=O)N[C@@H](CCC(=O)N)C(=O)N,5wco
CC(C)[C@@H](C(=O)N[C@@H](CSSC[C@@H](C(=O)N[C@@H](CCC(=O)N)C(=O)N)NC(=O)[C@H](C(C)C)NC(=O)C)C(=O)N[C@@H](CCC(=O)N)C(=O)N)NC(=O)C,2a1s
CC(=O)N[C@@H](CO)C(=O)N[C@@H](CSSC[C@@H](C(=O)N[C@@H](CS)C(=O)N)NC(=O)[C@H](CO)NC(=O)C)C(=O)N[C@@H](CS)C(=O)N,3b3l
CC(=O)N[C@@H](Cc1ccc(cc1)O)C(=O)N[C@@H](CSSC[C@@H](C(=O)N[C@@H](CCCC[NH3+])C(=O)N)NC(=O)[C@H](CO)NC(=O)C)C(=O)N[C@@H](CC(=O)N)C(=O)N,4eig
C[C@H]([C@@H](C(=O)N[C@@H](CSSC[C@@H](C(=O)N[C@@H](Cc1c[nH]cn1)C(=O)N)NC(=O)[C@H](Cc2ccc(cc2)O)NC(=O)C)C(=O)N[C@@H](Cc3c[nH]cn3)C(=O)N)NC(=O)C)O,1t3b
CC(C)C[C@@H](C(=O)N[C@@H](CSSC[C@@H](C(=O)N[C@@H](CCCNC(=[NH2+])N)C(=O)N)NC(=O)[C@H](CC(=O)[O-])NC(=O)C)C(=O)N[C@@H](CCCC[NH3+])C(=O)N)NC(=O)C,4wnf
C[C@@H](C(=O)N[C@@H](CSSC[C@@H](C(=O)N[C@@H](CCC(=O)N)C(=O)N)NC(=O)CNC(=O)C)C(=O)N[C@@H](CC(=O)[O-])C(=O)N)NC(=O)C,2z1b
C[C@H]([C@@H](C(=O)N)NC(=O)[C@H](CSSC[C@@H](C(=O)N[C@@H](CCC(=O)N)C(=O)N)NC(=O)[C@H](CCCNC(=[NH2+])N)NC(=O)C)NC(=O)[C@H]([C@@H](C)O)NC(=O)C)O,2vaj
CC[C@H](C)[C@@H](C(=O)N)NC(=O)[C@H](CSSC[C@@H](C(=O)N[C@@H](Cc1c[nH]c2c1cccc2)C(=O)N)NC(=O)[C@H](CC(=O)N)NC(=O)C)NC(=O)[C@H]([C@@H](C)O)NC(=O)C,4fi9
C[C@@H](C(=O)N)NC(=O)[C@H](CSSC[C@@H](C(=O)N[C@@H](C)C(=O)N)NC(=O)[C@H](CO)NC(=O)C)NC(=O)[C@H](CO)NC(=O)C,5i50
C[C@@H](C(=O)N)NC(=O)[C@H](CSSC[C@@H](C(=O)N[C@@H](C(C)C)C(=O)N)NC(=O)[C@H](CCCC[NH3+])NC(=O)C)NC(=O)[C@H](Cc1ccc(cc1)O)NC(=O)C,5d06
CC[C@H](C)[C@@H](C(=O)N)NC(=O)[C@H](CSSC[C@@H](C(=O)N[C@@H](C(C)C)C(=O)N)NC(=O)[C@H](CC(C)C)NC(=O)C)NC(=O)[C@H](CC(=O)N)NC(=O)C,4az8
CC(=O)N[C@@H](CC(=O)N)C(=O)N[C@@H](CSSC[C@@H](C(=O)N[C@@H](CCC(=O)[O-])C(=O)N)NC(=O)[C@H](CC(=O)[O-])NC(=O)C)C(=O)N[C@@H](CC(=O)N)C(=O)N,3uw0
CC(=O)NCC(=O)N[C@@H](CSSC[C@@H](C(=O)N[C@@H](CO)C(=O)N)NC(=O)[C@H](Cc1ccc(cc1)O)NC(=O)C)C(=O)N[C@@H](CO)C(=O)N,1ml8
CC(=O)N[C@@H](CCC(=O)N)C(=O)N[C@@H](CSSC[C@@H](C(=O)N[C@@H](CCCC[NH3+])C(=O)N)NC(=O)[C@@H]1CCCN1C(=O)C)C(=O)N[C@@H](CCCC[NH3+])C(=O)N,1kac
CC(C)C[C@@H](C(=O)N[C@@H](CSSC[C@@H](C(=O)N[C@@H](CCC(=O)N)C(=O)N)NC(=O)CNC(=O)C)C(=O)NCC(=O)N)NC(=O)C,1emr
CC(=O)N[C@@H](CCCC[NH3+])C(=O)N[C@@H](CSSC[C@@H](C(=O)N[C@@H](Cc1ccc(cc1)O)C(=O)N)NC(=O)[C@H](CCCC[NH3+])NC(=O)C)C(=O)N[C@@H](Cc2ccc(cc2)O)C(=O)N,1jjh
C[C@@H](C(=O)N)NC(=O)[C@H](CSSC[C@@H](C(=O)N[C@@H](CCCC[NH3+])C(=O)N)NC(=O)[C@H](C)NC(=O)C)NC(=O)[C@H](CC(=O)[O-])NC(=O)C,3ceq
CC[C@H](C)[C@@H](C(=O)N)NC(=O)[C@H](CSSC[C@@H](C(=O)N[C@@H](CCCC[NH3+])C(=O)N)NC(=O)[C@H](CCSC)NC(=O)C)NC(=O)[C@H]([C@@H](C)CC)NC(=O)C,1s0g
CC(C)C[C@@H](C(=O)N)NC(=O)[C@H](CSSC[C@@H](C(=O)N[C@@H](CC(C)C)C(=O)N)NC(=O)[C@H](Cc1c[nH]cn1)NC(=O)C)NC(=O)[C@H](Cc2c[nH]cn2)NC(=O)C,4uy9
CC(C)C[C@@H](C(=O)N[C@@H](CSSC[C@@H](C(=O)N[C@@H](CCC(=O)[O-])C(=O)N)NC(=O)CNC(=O)C)C(=O)N[C@@H](CCCC[NH3+])C(=O)N)NC(=O)C,2ayu
CC(C)C[C@@H](C(=O)N[C@@H](CSSC[C@@H](C(=O)N[C@@H](CO)C(=O)N)NC(=O)[C@H](CCCNC(=[NH2+])N)NC(=O)C)C(=O)N[C@@H](Cc1ccccc1)C(=O)N)NC(=O)C,1vb2
CC(C)[C@@H](C(=O)N[C@@H](CSSC[C@@H](C(=O)N[C@@H](CO)C(=O)N)NC(=O)[C@H](CCCNC(=[NH2+])N)NC(=O)C)C(=O)N[C@@H](Cc1ccc(cc1)O)C(=O)N)NC(=O)C,4q5y
C[C@H]([C@@H](C(=O)N)NC(=O)[C@H](CSSC[C@@H](C(=O)N[C@@H](CC(=O)[O-])C(=O)N)NC(=O)[C@H](C(C)C)NC(=O)C)NC(=O)[C@H](C(C)C)NC(=O)C)O,5hpc
CC(C)C[C@@H](C(=O)N)NC(=O)[C@H](CSSC[C@@H](C(=O)N[C@@H](CC(C)C)C(=O)N)NC(=O)[C@H](CCCC[NH3+])NC(=O)C)NC(=O)[C@H](CCCC[NH3+])NC(=O)C,3ebm
CC(C)C[C@@H](C(=O)N)NC(=O)[C@H](CSSC[C@@H](C(=O)N[C@@H](Cc1c[nH]cn1)C(=O)N)NC(=O)[C@H](CO)NC(=O)C)NC(=O)[C@H](Cc2c[nH]cn2)NC(=O)C,2q98
CC(C)C[C@@H](C(=O)N)NC(=O)[C@H](CSSC[C@@H](C(=O)N[C@@H](C(C)C)C(=O)N)NC(=O)CNC(=O)C)NC(=O)[C@H](CCC(=O)[O-])NC(=O)C,3i7k
CC(=O)N[C@@H](CCSC)C(=O)N[C@@H](CSSC[C@@H](C(=O)N[C@@H](CCC(=O)[O-])C(=O)N)NC(=O)[C@H](CCSC)NC(=O)C)C(=O)N[C@@H](CCC(=O)[O-])C(=O)N,5feg
C[C@@H](C(=O)N[C@@H](CSSC[C@@H](C(=O)N[C@@H](CC(=O)N)C(=O)N)NC(=O)CNC(=O)C)C(=O)N[C@@H](CC(=O)[O-])C(=O)N)NC(=O)C,1eha
CC(=O)NCC(=O)N[C@@H](CSSC[C@@H](C(=O)N[C@@H](CO)C(=O)N)NC(=O)[C@H](CC(=O)N)NC(=O)C)C(=O)N[C@@H](CS)C(=O)N,1q7q
CC(=O)N[C@@H](Cc1ccccc1)C(=O)N[C@@H](CSSC[C@@H](C(=O)NCC(=O)N)NC(=O)[C@H](Cc2ccccc2)NC(=O)C)C(=O)NCC(=O)N,1zmw
CC(=O)N[C@@H](CO)C(=O)N[C@@H](CSSC[C@@H](C(=O)N[C@@H](CCC(=O)[O-])C(=O)N)NC(=O)[C@H](CO)NC(=O)C)C(=O)N[C@@H](CCC(=O)[O-])C(=O)N,5jhf
CC(=O)N[C@@H](CCCNC(=[NH2+])N)C(=O)N[C@@H](CSSC[C@@H](C(=O)N[C@@H](CCCC[NH3+])C(=O)N)NC(=O)[C@H](CCCNC(=[NH2+])N)NC(=O)C)C(=O)N[C@@H](CCCC[NH3+])C(=O)N,1s94
C[C@@H](C(=O)N[C@@H](CSSC[C@@H](C(=O)N[C@@H](CC(C)C)C(=O)N)NC(=O)[C@H](CCCNC(=[NH2+])N)NC(=O)C)C(=O)NCC(=O)N)NC(=O)C,2ecf
C[C@H]([C@@H](C(=O)N)NC(=O)[C@H](CSSC[C@@H](C(=O)N[C@@H](CCC(=O)[O-])C(=O)N)NC(=O)[C@H](Cc1c[nH]cn1)NC(=O)C)NC(=O)[C@H](C(C)C)NC(=O)C)O,1vkx
CC[C@H](C)[C@@H](C(=O)N)NC(=O)[C@H](CSSC[C@@H](C(=O)N[C@@H](Cc1c[nH]c2c1cccc2)C(=O)N)NC(=O)[C@H](CCCNC(=[NH2+])N)NC(=O)C)NC(=O)[C@H]([C@@H](C)O)NC(=O)C,4tkn
C[C@@H](C(=O)N[C@@H](CSSC[C@@H](C(=O)N[C@@H](Cc1ccc(cc1)O)C(=O)N)NC(=O)[C@H](CC(=O)N)NC(=O)C)C(=O)N[C@@H](CCCNC(=[NH2+])N)C(=O)N)NC(=O)C,4qrr
CC(=O)N[C@@H](Cc1ccccc1)C(=O)N[C@@H](CSSC[C@@H](C(=O)N[C@@H](CCC(=O)N)C(=O)N)NC(=O)[C@H](CC(=O)[O-])NC(=O)C)C(=O)NCC(=O)N,1ny7
CC(C)C[C@@H](C(=O)N[C@@H](CSSC[C@@H](C(=O)N[C@@H](CC(=O)[O-])C(=O)N)NC(=O)[C@H](CC(C)C)NC(=O)C)C(=O)N[C@@H](Cc1c[nH]c2c1cccc2)C(=O)N)NC(=O)C,5cyu
C[C@H]([C@@H](C(=O)N[C@@H](CSSC[C@@H](C(=O)N[C@@H](Cc1ccc(cc1)O)C(=O)N)NC(=O)[C@H](CC(=O)N)NC(=O)C)C(=O)N[C@@H](CCSC)C(=O)N)NC(=O)C)O,1se2
C[C@H]([C@@H](C(=O)N[C@@H](CSSC[C@@H](C(=O)N[C@@H](CCCC[NH3+])C(=O)N)NC(=O)[C@H](Cc1c[nH]cn1)NC(=O)C)C(=O)N[C@@H](CC(C)C)C(=O)N)NC(=O)C)O,1ry7
C[C@H]([C@@H](C(=O)N)NC(=O)[C@H](CSSC[C@@H](C(=O)N[C@@H]([C@@H](C)O)C(=O)N)NC(=O)[C@H](CC(C)C)NC(=O)C)NC(=O)[C@H](CC(C)C)NC(=O)C)O,2if9
CC(C)[C@@H](C(=O)N[C@@H](CSSC[C@@H](C(=O)N[C@@H](CCSC)C(=O)N)NC(=O)[C@H](Cc1ccccc1)NC(=O)C)C(=O)N[C@@H](CCC(=O)N)C(=O)N)NC(=O)C,2q2p
CC(=O)N[C@@H](CCC(=O)[O-])C(=O)N[C@@H](CSSC[C@@H](C(=O)NCC(=O)N)NC(=O)[C@H](Cc1c[nH]c2c1cccc2)NC(=O)C)C(=O)NCC(=O)N,2o8v
CC[C@H](C)[C@@H](C(=O)N[C@@H](CSSC[C@@H](C(=O)N[C@@H](CCCC[NH3+])C(=O)N)NC(=O)[C@H](Cc1ccccc1)NC(=O)C)C(=O)N[C@@H](CC(C)C)C(=O)N)NC(=O)C,1nyl
C[C@H]([C@@H](C(=O)N[C@@H](CSSC[C@@H](C(=O)N[C@@H](CO)C(=O)N)NC(=O)[C@H]([C@@H](C)O)NC(=O)C)C(=O)N[C@@H](CCSC)C(=O)N)NC(=O)C)O,1pfc
CC(C)[C@@H](C(=O)N)NC(=O)[C@H](CSSC[C@@H](C(=O)N[C@@H](C(C)C)C(=O)N)NC(=O)[C@H](Cc1ccc(cc1)O)NC(=O)C)NC(=O)[C@H](Cc2ccc(cc2)O)NC(=O)C,3ikk
C[C@H]([C@@H](C(=O)N)NC(=O)[C@H](CSSC[C@@H](C(=O)N[C@@H](CCCC[NH3+])C(=O)N)NC(=O)CNC(=O)C)NC(=O)[C@H](C(C)C)NC(=O)C)O,1bvo
CC(C)[C@@H](C(=O)N)NC(=O)[C@H](CSSC[C@@H](C(=O)N[C@@H](CCSC)C(=O)N)NC(=O)[C@@H]1CCCN1C(=O)C)NC(=O)[C@@H]2CCCN2C(=O)C,2r30
CC(=O)N[C@@H](Cc1ccc(cc1)O)C(=O)N[C@@H](CSSC[C@@H](C(=O)N2CCC[C@H]2C(=O)N)NC(=O)C)C(=O)N[C@@H](CO)C(=O)N,5kud
CC(C)[C@@H](C(=O)N)NC(=O)[C@H](CSSC[C@@H](C(=O)NCC(=O)N)NC(=O)[C@H](CCCC[NH3+])NC(=O)C)NC(=O)[C@H](CC(=O)N)NC(=O)C,1ver
CC[C@H](C)[C@@H](C(=O)N[C@@H](CSSC[C@@H](C(=O)NCC(=O)N)NC(=O)[C@H](C)NC(=O)C)C(=O)N[C@@H]([C@@H](C)O)C(=O)N)NC(=O)C,1wcs
C[C@@H](C(=O)N)NC(=O)[C@H](CSSC[C@@H](C(=O)N[C@@H](C)C(=O)N)NC(=O)[C@H](CC(=O)[O-])NC(=O)C)NC(=O)[C@H](CC(=O)[O-])NC(=O)C,5h07
CC(=O)N[C@@H](Cc1ccccc1)C(=O)N[C@@H](CSSC[C@@H](C(=O)N[C@@H](Cc2c[nH]cn2)C(=O)N)NC(=O)[C@H](Cc3ccccc3)NC(=O)C)C(=O)N[C@@H](Cc4c[nH]cn4)C(=O)N,2z9s
CC[C@H](C)[C@@H](C(=O)N)NC(=O)[C@H](CSSC[C@@H](C(=O)N[C@@H](CO)C(=O)N)NC(=O)CNC(=O)C)NC(=O)[C@H](Cc1c[nH]c2c1cccc2)NC(=O)C,3zor
CC[C@H](C)[C@@H](C(=O)N[C@@H](CSSC[C@@H](C(=O)N[C@@H](C(C)C)C(=O)N)NC(=O)[C@H](CCC(=O)[O-])NC(=O)C)C(=O)N[C@@H]([C@@H](C)O)C(=O)N)NC(=O)C,3psi
CC[C@H](C)[C@@H](C(=O)N[C@@H](CSSC[C@@H](C(=O)N[C@@H](Cc1ccc(cc1)O)C(=O)N)NC(=O)[C@H](C(C)C)NC(=O)C)C(=O)NCC(=O)N)NC(=O)C,4dks
CC(=O)N[C@@H](Cc1ccccc1)C(=O)N[C@@H](CSSC[C@@H](C(=O)N[C@@H](CCSC)C(=O)N)NC(=O)[C@H](Cc2ccccc2)NC(=O)C)C(=O)N[C@@H](CCSC)C(=O)N,4ga7
CC[C@H](C)[C@@H](C(=O)N)NC(=O)[C@H](CSSC[C@@H](C(=O)N[C@@H](CC(=O)N)C(=O)N)NC(=O)[C@H](C(C)C)NC(=O)C)NC(=O)[C@@H]1CCCN1C(=O)C,1qfp
C[C@@H](C(=O)N)NC(=O)[C@H](CSSC[C@@H](C(=O)N[C@@H](C)C(=O)N)NC(=O)[C@H](CO)NC(=O)C)NC(=O)[C@H](Cc1ccc(cc1)O)NC(=O)C,4nc2
C[C@@H](C(=O)N)NC(=O)[C@H](CSSC[C@@H](C(=O)N[C@@H](CCCNC(=[NH2+])N)C(=O)N)NC(=O)[C@H](Cc1ccc(cc1)O)NC(=O)C)NC(=O)[C@H](CO)NC(=O)C,5omn
CC(=O)N[C@@H](CCC(=O)[O-])C(=O)N[C@@H](CSSC[C@@H](C(=O)N[C@@H](Cc1c[nH]cn1)C(=O)N)NC(=O)[C@H](CCC(=O)[O-])NC(=O)C)C(=O)N[C@@H](Cc2c[nH]cn2)C(=O)N,1qb3
C[C@H]([C@@H](C(=O)N)NC(=O)[C@H](CSSC[C@@H](C(=O)N[C@@H](C(C)C)C(=O)N)NC(=O)[C@H](CO)NC(=O)C)NC(=O)[C@H](CC(C)C)NC(=O)C)O,1rlr
CC[C@H](C)[C@@H](C(=O)N)NC(=O)[C@H](CSSC[C@@H](C(=O)N1CCC[C@H]1C(=O)N)NC(=O)[C@H](C)NC(=O)C)NC(=O)[C@H](CCCC[NH3+])NC(=O)C,4tlw
C[C@@H](C(=O)N[C@@H](CSSC[C@@H](C(=O)N[C@@H](Cc1ccc(cc1)O)C(=O)N)NC(=O)[C@H](Cc2c[nH]cn2)NC(=O)C)C(=O)N[C@@H](Cc3ccccc3)C(=O)N)NC(=O)C,4k0r
CC[C@H](C)[C@@H](C(=O)N[C@@H](CSSC[C@@H](C(=O)N[C@@H](C)C(=O)N)NC(=O)[C@H]([C@@H](C)CC)NC(=O)C)C(=O)N[C@@H](C)C(=O)N)NC(=O)C,4lpz
CC(C)[C@@H](C(=O)N)NC(=O)[C@@H]1CSSC[C@@H](C(=O)N[C@H](C(=O)N1)CC(=O)[O-])NC(=O)[C@H](Cc2ccccc2)NC(=O)C,4zyh
CC(=O)N[C@@H](Cc1ccc(cc1)O)C(=O)N[C@@H](CSSC[C@@H](C(=O)N[C@@H](CCCC[NH3+])C(=O)N)NC(=O)[C@H](CC(=O)N)NC(=O)C)C(=O)N[C@@H](CCC(=O)N)C(=O)N,2lve
C[C@@H](C(=O)N[C@@H](CSSC[C@@H](C(=O)N[C@@H](CO)C(=O)N)NC(=O)[C@H](CCCC[NH3+])NC(=O)C)C(=O)N[C@@H](CCC(=O)[O-])C(=O)N)NC(=O)C,2ot8
CC(C)C[C@@H](C(=O)N)NC(=O)[C@H](CSSC[C@@H](C(=O)N)NC(=O)[C@H](CC(C)C)NC(=O)C)NC(=O)[C@H](CO)NC(=O)C,4c85
CC[C@H](C)[C@@H](C(=O)N)NC(=O)[C@H](CSSC[C@@H](C(=O)N[C@@H](Cc1c[nH]cn1)C(=O)N)NC(=O)[C@H](CCC(=O)N)NC(=O)C)NC(=O)[C@H](Cc2ccccc2)NC(=O)C,2w2s
CC[C@H](C)[C@@H](C(=O)N[C@@H](CSSC[C@@H](C(=O)N[C@@H]([C@@H](C)O)C(=O)N)NC(=O)[C@H](CC(=O)[O-])NC(=O)C)C(=O)N[C@@H](CO)C(=O)N)NC(=O)C,3uj1
CC[C@H](C)[C@@H](C(=O)N)NC(=O)[C@H](CSSC[C@@H](C(=O)N[C@@H](C)C(=O)N)NC(=O)[C@H](CO)NC(=O)C)NC(=O)[C@H](Cc1ccc(cc1)O)NC(=O)C,4nik
C[C@@H](C(=O)N[C@@H](CSSC[C@@H](C(=O)N[C@@H](CCCC[NH3+])C(=O)N)NC(=O)[C@H](CC(=O)[O-])NC(=O)C)C(=O)N)NC(=O)C,1baj
C[C@H]([C@@H](C(=O)N[C@@H](CSSC[C@@H](C(=O)N[C@@H](CCC(=O)N)C(=O)N)NC(=O)[C@H](Cc1ccc(cc1)O)NC(=O)C)C(=O)N[C@@H](CCCNC(=[NH2+])N)C(=O)N)NC(=O)C)O,1f6l
C[C@H]([C@@H](C(=O)N)NC(=O)[C@H](CSSC[C@@H](C(=O)N[C@@H](CCC(=O)[O-])C(=O)N)NC(=O)[C@H]([C@@H](C)O)NC(=O)C)NC(=O)[C@H](CC(=O)N)NC(=O)C)O,2wxw
CC[C@H](C)[C@@H](C(=O)N)NC(=O)[C@H](CSSC[C@@H](C(=O)N[C@@H](CCC(=O)N)C(=O)N)NC(=O)[C@H](CCC(=O)[O-])NC(=O)C)NC(=O)[C@H](CC(=O)[O-])NC(=O)C,2zf8
CC[C@H](C)[C@@H](C(=O)N)NC(=O)[C@H](CSSC[C@@H](C(=O)N[C@@H](CCC(=O)N)C(=O)N)NC(=O)[C@H](CCCNC(=[NH2+])N)NC(=O)C)NC(=O)[C@H](CS)NC(=O)C,3q2c
C[C@H]([C@@H](C(=O)N[C@@H](CSSC[C@@H](C(=O)N[C@@H](C(C)C)C(=O)N)NC(=O)[C@H]([C@@H](C)O)NC(=O)C)C(=O)N[C@@H](CCCC[NH3+])C(=O)N)NC(=O)C)O,1f02
CC(=O)N[C@@H](Cc1ccc(cc1)O)C(=O)N[C@@H](CSSC[C@@H](C(=O)N2CCC[C@H]2C(=O)N)NC(=O)[C@H](CC(=O)N)NC(=O)C)C(=O)N[C@@H](CCCC[NH3+])C(=O)N,5id4
CC(=O)N[C@@H](Cc1ccc(cc1)O)C(=O)N[C@@H](CSSC[C@@H](C(=O)N[C@@H](Cc2c[nH]cn2)C(=O)N)NC(=O)[C@H](Cc3ccc(cc3)O)NC(=O)C)C(=O)N[C@@H](Cc4c[nH]cn4)C(=O)N,2yyn
C[C@H]([C@@H](C(=O)N[C@@H](CSSC[C@@H](C(=O)N[C@@H](C)C(=O)N)NC(=O)[C@H](Cc1ccc(cc1)O)NC(=O)C)C(=O)N[C@@H](C)C(=O)N)NC(=O)C)O,5tjw
CC(C)[C@@H](C(=O)N)NC(=O)[C@H](CSSC[C@@H](C(=O)N[C@@H](CO)C(=O)N)NC(=O)[C@H](Cc1ccccc1)NC(=O)C)NC(=O)[C@H](CC(=O)[O-])NC(=O)C,3fte
CC[C@H](C)[C@@H](C(=O)N[C@@H](CSSC[C@@H](C(=O)N[C@@H](C)C(=O)N)NC(=O)[C@H](CC(C)C)NC(=O)C)C(=O)N[C@@H](C)C(=O)N)NC(=O)C,5c4r
C[C@H]([C@@H](C(=O)N)NC(=O)[C@H](CSSC[C@@H](C(=O)N[C@@H](Cc1ccccc1)C(=O)N)NC(=O)[C@H](CCCC[NH3+])NC(=O)C)NC(=O)[C@H](CCCNC(=[NH2+])N)NC(=O)C)O,5lsk
C[C@H]([C@@H](C(=O)N[C@@H](CSSC[C@@H](C(=O)N1CCC[C@H]1C(=O)N)NC(=O)[C@H](CS)NC(=O)C)C(=O)N[C@@H](C)C(=O)N)NC(=O)C)O,5mqo
CC(C)C[C@@H](C(=O)N[C@@H](CSSC[C@@H](C(=O)N[C@@H](CCCC[NH3+])C(=O)N)NC(=O)[C@H](CC(=O)[O-])NC(=O)C)C(=O)N[C@@H](CCCC[NH3+])C(=O)N)NC(=O)C,2wzr
CC(=O)N[C@@H](CCCC[NH3+])C(=O)N[C@@H](CSSC[C@@H](C(=O)N[C@@H](CCC(=O)N)C(=O)N)NC(=O)[C@H](CCCC[NH3+])NC(=O)C)C(=O)N[C@@H](CCC(=O)N)C(=O)N,5eta
CC[C@H](C)[C@@H](C(=O)N)NC(=O)[C@H](CSSC[C@@H](C(=O)N[C@@H](CC(C)C)C(=O)N)NC(=O)[C@H](CCC(=O)[O-])NC(=O)C)NC(=O)[C@H](C(C)C)NC(=O)C,1mqa
CC(=O)N[C@@H](Cc1ccc(cc1)O)C(=O)N[C@@H](CSSC[C@@H](C(=O)N2CCC[C@H]2C(=O)N)NC(=O)[C@H](Cc3ccc(cc3)O)NC(=O)C)C(=O)N4CCC[C@H]4C(=O)N,3hpm
CC(C)[C@@H](C(=O)N)NC(=O)[C@@H]1CCCN1C(=O)[C@@H]2CSSC[C@@H](C(=O)N2)NC(=O)[C@H](Cc3ccccc3)NC(=O)[C@H](CCCNC(=[NH2+])N)NC(=O)C,2h4r
CC[C@H](C)[C@@H](C(=O)N)NC(=O)[C@H](CSSC[C@@H](C(=O)N[C@@H](CC(=O)N)C(=O)N)NC(=O)[C@H](CCC(=O)N)NC(=O)C)NC(=O)[C@H]([C@@H](C)CC)NC(=O)C,5eve
C[C@H]([C@@H](C(=O)N[C@@H](CSSC[C@@H](C(=O)N[C@@H](Cc1c[nH]c2c1cccc2)C(=O)N)NC(=O)[C@H](CCCNC(=[NH2+])N)NC(=O)C)C(=O)N[C@@H](Cc3c[nH]cn3)C(=O)N)NC(=O)C)O,2mha
CC(C)[C@@H](C(=O)N)NC(=O)[C@H](CSSC[C@@H](C(=O)N[C@@H](CC(=O)[O-])C(=O)N)NC(=O)[C@H](C(C)C)NC(=O)C)NC(=O)[C@H](Cc1c[nH]cn1)NC(=O)C,5k23
CC(C)C[C@@H](C(=O)N[C@@H](CSSC[C@@H](C(=O)N[C@@H](CO)C(=O)N)NC(=O)[C@H](Cc1ccc(cc1)O)NC(=O)C)C(=O)N[C@@H](CC(=O)[O-])C(=O)N)NC(=O)C,3hxq
C[C@@H](C(=O)N[C@@H](CSSC[C@@H](C(=O)NCC(=O)N)NC(=O)[C@H](Cc1c[nH]c2c1cccc2)NC(=O)C)C(=O)N3CCC[C@H]3C(=O)N)NC(=O)C,3pin
C[C@@H](C(=O)N[C@@H](CSSC[C@@H](C(=O)N[C@@H](CCCNC(=[NH2+])N)C(=O)N)NC(=O)[C@H](CCC(=O)[O-])NC(=O)C)C(=O)N[C@@H](CCCNC(=[NH2+])N)C(=O)N)NC(=O)C,1eia
C[C@H]([C@@H](C(=O)N)NC(=O)[C@H](CSSC[C@@H](C(=O)N[C@@H](CCSC)C(=O)N)NC(=O)[C@H](CCCNC(=[NH2+])N)NC(=O)C)NC(=O)[C@H](CC(=O)N)NC(=O)C)O,2ov8
C[C@H]([C@@H](C(=O)N[C@@H](CSSC[C@@H](C(=O)N[C@@H](CCC(=O)[O-])C(=O)N)NC(=O)[C@H]([C@@H](C)O)NC(=O)C)C(=O)N[C@@H](CCC(=O)[O-])C(=O)N)NC(=O)C)O,3rg6
CC[C@H](C)[C@@H](C(=O)N)NC(=O)[C@@H]1CSSC[C@@H](C(=O)N[C@H](C(=O)N1)CC(C)C)NC(=O)[C@H](CCCC[NH3+])NC(=O)C,2irm
CC(C)[C@@H](C(=O)N[C@@H](CSSC[C@@H](C(=O)N[C@@H](CC(=O)[O-])C(=O)N)NC(=O)[C@H](C(C)C)NC(=O)C)C(=O)N[C@@H](CC(=O)[O-])C(=O)N)NC(=O)C,5cca
CC(=O)NCC(=O)N[C@@H](CSSC[C@@H](C(=O)N[C@@H](CCCC[NH3+])C(=O)N)NC(=O)[C@H](Cc1ccccc1)NC(=O)C)C(=O)N[C@@H](CCC(=O)[O-])C(=O)N,1tgo
C[C@@H](C(=O)N)NC(=O)[C@H](CSSC[C@@H](C(=O)NCC(=O)N)NC(=O)[C@H](C)NC(=O)C)NC(=O)[C@H](CC(=O)N)NC(=O)C,4jgy
C[C@@H](C(=O)N[C@@H](CSSC[C@@H](C(=O)N[C@@H](CCC(=O)N)C(=O)N)NC(=O)[C@H](CO)NC(=O)C)C(=O)N1CCC[C@H]1C(=O)N)NC(=O)C,4dbg
C[C@@H](C(=O)N)NC(=O)[C@H](CSSC[C@@H](C(=O)N[C@@H](CC(=O)[O-])C(=O)N)NC(=O)[C@H](CO)NC(=O)C)NC(=O)[C@H](Cc1c[nH]c2c1cccc2)NC(=O)C,1tjd
CC(C)[C@@H](C(=O)N)NC(=O)[C@H](CSSC[C@@H](C(=O)N[C@@H](Cc1c[nH]c2c1cccc2)C(=O)N)NC(=O)[C@H](Cc3c[nH]cn3)NC(=O)C)NC(=O)[C@H](CCCC[NH3+])NC(=O)C,2czk
CC(=O)N[C@@H](CCC(=O)N)C(=O)N[C@@H](CSSC[C@@H](C(=O)N[C@@H](Cc1c[nH]cn1)C(=O)N)NC(=O)[C@H](CCC(=O)N)NC(=O)C)C(=O)N[C@@H](Cc2c[nH]cn2)C(=O)N,2duk
CC(=O)N[C@@H](CCCNC(=[NH2+])N)C(=O)N[C@@H](CSSC[C@@H](C(=O)N[C@@H](CCCC[NH3+])C(=O)N)NC(=O)[C@H](CCC(=O)N)NC(=O)C)C(=O)N[C@@H](CC(=O)[O-])C(=O)N,1plr
C[C@@H](C(=O)N)NC(=O)[C@H](CSSC[C@@H](C(=O)N[C@@H](Cc1ccc(cc1)O)C(=O)N)NC(=O)[C@H](Cc2c[nH]cn2)NC(=O)C)NC(=O)[C@H](C(C)C)NC(=O)C,4i6j
C[C@@H](C(=O)N[C@@H](CSSC[C@@H](C(=O)N[C@@H](CO)C(=O)N)NC(=O)CNC(=O)C)C(=O)N[C@@H](CCCNC(=[NH2+])N)C(=O)N)NC(=O)C,1k5h
CC(C)[C@@H](C(=O)N[C@@H](CSSC[C@@H](C(=O)NCC(=O)N)NC(=O)[C@@H]1CCCN1C(=O)C)C(=O)N2CCC[C@H]2C(=O)N)NC(=O)C,4kce
C[C@@H](C(=O)N)NC(=O)[C@H](CSSC[C@@H](C(=O)NCC(=O)N)NC(=O)[C@H](Cc1ccccc1)NC(=O)C)NC(=O)[C@H](C(C)C)NC(=O)C,2xpe
C[C@H]([C@@H](C(=O)N[C@@H](CSSC[C@@H](C(=O)N[C@@H](CCC(=O)[O-])C(=O)N)NC(=O)[C@H](CCC(=O)[O-])NC(=O)C)C(=O)N[C@@H](C(C)C)C(=O)N)NC(=O)C)O,3b43
CC(=O)N[C@@H](CS)C(=O)N[C@@H](CCCNC(=[NH2+])N)C(=O)NCC(=O)N[C@@H](CC(=O)[O-])C(=O)N[C@@H](CCCC[NH3+])C(=O)N,CRGDK
CC(=O)NCC(=O)N1CCC[C@H]1C(=O)N2CCC[C@H]2C(=O)NCC(=O)N3CCC[C@H]3C(=O)N4CCC[C@H]4C(=O)N,GPPGPP
CC(=O)N[C@@H](Cc1c[nH]c2c1cccc2)C(=O)N[C@@H](CCSC)C(=O)N[C@@H](CC(=O)N)C(=O)N[C@@H](Cc3ccccc3)C(=O)N,WMNF
CC(=O)NCC(=O)N[C@@H](CC(=O)N)C(=O)N[C@@H](CC(=O)N)C(=O)N[C@@H](CCC(=O)N)C(=O)N[C@@H](CCC(=O)N)C(=O)N[C@@H](CC(=O)N)C(=O)N[C@@H](Cc1ccc(cc1)O)C(=O)N,GNNQQNY
C[C@@H](C(=O)N)NC(=O)[C@H](CCCC[NH3+])NC(=O)[C@H](CCC(=O)[O-])NC(=O)[C@H](CCCNC(=[NH2+])N)NC(=O)[C@H](CS)NC(=O)C,CREKA
CC(C)[C@@H](C(=O)N[C@@H](CCCNC(=[NH2+])N)C(=O)N[C@@H](CC(=O)N)C(=O)N)NC(=O)C,VRN
CC(C)[C@@H](C(=O)N)NC(=O)[C@H](CC(=O)[O-])NC(=O)[C@H](CCC(=O)[O-])NC(=O)[C@H](CCCNC(=[NH2+])N)NC(=O)C,REDV
CC(=O)N1CCC[C@H]1C(=O)N[C@@H](CC(=O)[O-])C(=O)N[C@@H](CO)C(=O)NCC(=O)N[C@@H](CCCNC(=[NH2+])N)C(=O)N,PDSGR
CC(=O)N[C@@H](CCCNC(=[NH2+])N)C(=O)NCC(=O)N[C@@H](CC(=O)[O-])C(=O)N[C@@H](CO)C(=O)N,RGDS
CC[C@H](C)[C@@H](C(=O)N[C@@H](CCCC[NH3+])C(=O)N[C@@H](C(C)C)C(=O)N[C@@H](C)C(=O)N[C@@H](C(C)C)C(=O)N)NC(=O)C,IKVAV
CC(=O)N[C@@H](Cc1ccccc1)C(=O)N[C@@H](CCC(=O)[O-])C(=O)N[C@@H](Cc2ccccc2)C(=O)N[C@@H](CCC(=O)[O-])C(=O)N[C@@H](Cc3ccccc3)C(=O)N[C@@H](CCCC[NH3+])C(=O)N[C@@H](CCC(=O)[O-])C(=O)N[C@@H](CCCC[NH3+])C(=O)N,FEFEFKEK
C[C@@H](C(=O)N)NC(=O)CNC(=O)[C@H](C)NC(=O)CNC(=O)[C@H](C)NC(=O)CNC(=O)[C@H](C)NC(=O)CNC(=O)C,GAGAGAGA
CC(C)C[C@@H](C(=O)NCC(=O)N[C@@H](C(C)C)C(=O)N[C@@H](Cc1ccc(cc1)O)C(=O)N)NC(=O)[C@H](CCCNC(=[NH2+])N)NC(=O)C,RLGVY
CC(=O)N[C@@H](CCCC[NH3+])C(=O)NCC(=O)N[C@@H](CC(=O)[O-])C(=O)N,KGD
CC[C@H](C)[C@@H](C(=O)N[C@@H](C(C)C)C(=O)N[C@@H](Cc1ccc(cc1)O)C(=O)N[C@@H](CCCC[NH3+])C(=O)N)NC(=O)[C@H](CCC(=O)N)NC(=O)[C@H](C(C)C)NC(=O)C,VQIVYK
C[C@@H](C(=O)N[C@@H](CCC(=O)[O-])C(=O)N)NC(=O)[C@H](Cc1ccccc1)NC(=O)[C@H](Cc2ccccc2)NC(=O)[C@H](C(C)C)NC(=O)[C@H](CC(C)C)NC(=O)[C@H](CCCC[NH3+])NC(=O)C,KLVFFAE
CC(=O)N[C@@H](Cc1ccc(cc1)O)C(=O)N2CCC[C@H]2C(=O)N[C@@H](Cc3c[nH]c4c3cccc4)C(=O)N[C@@H](Cc5ccccc5)C(=O)N,YPWF
CC(C)C[C@@H](C(=O)N[C@@H](CC(=O)N)C(=O)N[C@@H](C(C)C)C(=O)N[C@@H](Cc1ccc(cc1)O)C(=O)N)NC(=O)[C@H](CCCNC(=[NH2+])N)NC(=O)C,RLNVY
CC(=O)NCC(=O)N[C@@H](Cc1ccccc1)C(=O)N2CCC[C@H]2C(=O)NCC(=O)N[C@@H](CCC(=O)[O-])C(=O)N[C@@H](CCCNC(=[NH2+])N)C(=O)N,GFPGER
CC(=O)N[C@@H](CCCNC(=[NH2+])N)C(=O)N[C@@H](CCCNC(=[NH2+])N)C(=O)N[C@@H](Cc1c[nH]c2c1cccc2)C(=O)N[C@@H](Cc3c[nH]c4c3cccc4)C(=O)N[C@@H](CCCNC(=[NH2+])N)C(=O)N[C@@H](Cc5ccccc5)C(=O)N,RRWWRF
CC(=O)N[C@@H](CS)C(=O)N[C@@H](CC(=O)N)C(=O)NCC(=O)N[C@@H](CCCNC(=[NH2+])N)C(=O)N[C@@H](CS)C(=O)N,CNGRC
C[C@@H](C(=O)N[C@@H](CCCC[NH3+])C(=O)N)NC(=O)[C@H](CC(C)C)NC(=O)[C@H](CCCC[NH3+])NC(=O)C,KLAK
CC(=O)N[C@@H](Cc1ccccc1)C(=O)N[C@@H](CCCNC(=[NH2+])N)C(=O)N[C@@H](Cc2c[nH]c3c2cccc3)C(=O)N[C@@H](Cc4c[nH]c5c4cccc5)C(=O)N[C@@H](Cc6c[nH]cn6)C(=O)N[C@@H](CCCNC(=[NH2+])N)C(=O)N,FRWWHR
CC(=O)N1CCC[C@H]1C(=O)N[C@@H](Cc2c[nH]cn2)C(=O)N[C@@H](CO)C(=O)N[C@@H](CCCNC(=[NH2+])N)C(=O)N[C@@H](CC(=O)N)C(=O)N,PHSRN
C[C@@H](C(=O)N)NC(=O)[C@H](CCC(=O)[O-])NC(=O)CNC(=O)[C@H](CC(=O)[O-])NC(=O)C,DGEA
C[C@@H](C(=O)N1CCC[C@H]1C(=O)NCC(=O)N[C@@H](CC(C)C)C(=O)N)NC(=O)C,APGL
CC(C)C[C@@H](C(=O)N[C@@H](C(C)C)C(=O)N[C@@H](Cc1ccccc1)C(=O)N[C@@H](Cc2ccccc2)C(=O)N)NC(=O)[C@H](CCCC[NH3+])NC(=O)C,KLVFF
CC(=O)N[C@@H](Cc1ccc(cc1)O)C(=O)NCC(=O)NCC(=O)N[C@@H](Cc2ccccc2)C(=O)N[C@@H](CCSC)C(=O)N,YGGFM
CC[C@H](C)[C@@H](C(=O)N[C@@H](Cc1c[nH]cn1)C(=O)N2CCC[C@H]2C(=O)N[C@@H](Cc3ccccc3)C(=O)N)NC(=O)[C@H](Cc4ccc(cc4)O)NC(=O)[C@H](C(C)C)NC(=O)C,VYIHPF
CC(=O)N[C@@H](CCCNC(=[NH2+])N)C(=O)NCC(=O)N[C@@H](CC(=O)[O-])C(=O)N,RGD
CC(C)C[C@@H](C(=O)N1CCC[C@H]1C(=O)N[C@@H](Cc2ccccc2)C(=O)N[C@@H](Cc3ccccc3)C(=O)N[C@@H](CC(=O)[O-])C(=O)N)NC(=O)C,LPFFD
CC(=O)N[C@@H](CCCC[NH3+])C(=O)N[C@@H](CCCNC(=[NH2+])N)C(=O)N[C@@H](CO)C(=O)N[C@@H](CCCNC(=[NH2+])N)C(=O)N,KRSR
CC(=O)N[C@@H](Cc1ccc(cc1)O)C(=O)N2CCC[C@H]2C(=O)N[C@@H](Cc3ccccc3)C(=O)N[C@@H](Cc4ccccc4)C(=O)N,YPFF
CC[C@H](C)[C@@H](C(=O)N[C@@H](CC(C)C)C(=O)N)NC(=O)[C@H](C)NC(=O)CNC(=O)[C@H](Cc1ccccc1)NC(=O)[C@H](CC(=O)N)NC(=O)C,NFGAIL
CC[C@H](C)[C@@H](C(=O)NCC(=O)N[C@@H](CO)C(=O)N[C@@H](CCCNC(=[NH2+])N)C(=O)N)NC(=O)[C@H](Cc1ccc(cc1)O)NC(=O)C,YIGSR
CC(=O)N[C@@H](Cc1c[nH]cn1)C(=O)N[C@@H](Cc2c[nH]cn2)C(=O)N[C@@H](Cc3c[nH]cn3)C(=O)N[C@@H](Cc4c[nH]cn4)C(=O)N[C@@H](Cc5c[nH]cn5)C(=O)N[C@@H](Cc6c[nH]cn6)C(=O)N,HHHHHH
CC(=O)N[C@@H](CS)C(=O)NCC(=O)N[C@@H](CCCC[NH3+])C(=O)N[C@@H](CCCNC(=[NH2+])N)C(=O)N[C@@H](CCCC[NH3+])C(=O)N,CGKRK
CC[C@H](C)[C@@H](C(=O)N[C@@H](C)C(=O)NCC(=O)N)NC(=O)CNC(=O)[C@H](CCC(=O)N)NC(=O)[C@@H]1CCCN1C(=O)CNC(=O)C,GPQGIAG
CC(C)C[C@@H](C(=O)N)NC(=O)[C@H](Cc1ccccc1)NC(=O)CNC(=O)CNC(=O)[C@H](Cc2ccc(cc2)O)NC(=O)C,YGGFL
CC[C@H](C)[C@H]1C(=O)NCC(=O)N[C@H](C(=O)N[C@@H](C(=O)N[C@H](C(=O)N[C@H](C(=O)N2CCC[C@H]2C(=O)N3CCC[C@H]3C(=O)N1)Cc4ccc(cc4)O)C)C)C(C)C,EVAPUM
C1C[C@H]2C(=O)NCC(=O)N3CCC[C@H]3C(=O)NCC(=O)N4CCC[C@H]4C(=O)NCC(=O)N2C1,PROGLY20
C[C@H]1C(=O)NCC(=O)N2CCC[C@H]2C(=O)N[C@H](C(=O)N[C@H](C(=O)N[C@H](C(=O)N1)Cc3ccccc3)Cc4ccccc4)C(C)C,BIHXUL10
c1ccc(cc1)C[C@@H]2C(=O)N[C@H](C(=O)N3CCC[C@@H]3C(=O)N[C@H](C(=O)N[C@H](C(=O)N4CCC[C@@H]4C(=O)N2)Cc5ccccc5)Cc6ccccc6)Cc7ccccc7,GOKXOV
C[C@H]1C(=O)NCC(=O)N[C@H](C(=O)N[C@H](C(=O)NCC(=O)NCC(=O)N1)C)C,AAGGAG10
C1C[C@H]2C(=O)NCC(=O)NCC(=O)N3CCC[C@H]3C(=O)NCC(=O)NCC(=O)N2C1,CGLPGL
C1C[C@H]2C(=O)NCC(=O)N3CCC[C@H]3C(=O)NCC(=O)N2C1,SEFTIG
CC(C)C[C@H]1C(=O)N[C@@H](C(=O)N[C@@H](C(=O)N2CCC[C@H]2C(=O)N[C@@H](C(=O)N1)C(C)C)CC(=O)O)Cc3c[nH]c4c3cccc4,WUYGII
C1C[C@@H]2C(=O)N3CCC[C@H]3C(=O)NCC(=O)N4CCC[C@H]4C(=O)N5CCC[C@H]5C(=O)NCC(=O)N2C1,BINJIR
CC(C)[C@@H]1C(=O)N2CCC[C@H]2C(=O)N3CCC[C@H]3C(=O)N[C@H](C(=O)N[C@H](C(=O)N[C@H](C(=O)N4CC=C[C@H]4C(=O)N5CCC[C@H]5C(=O)N[C@H](C(=O)N[C@H](C(=O)N1)Cc6ccccc6)Cc7ccccc7)C(C)C)Cc8ccccc8)Cc9ccccc9,DUTLAF10
CC(C)C[C@H]1C(=O)NCC(=O)NCC(=O)N[C@H](C(=O)NCC(=O)NCC(=O)N1)CC(C)C,CGLEGL
C[C@@H]1C(=O)N[C@H](C(=O)N2CCC[C@@H]2C(=O)N[C@H](C(=O)N[C@H](C(=O)N3CCC[C@@H]3C(=O)N1)Cc4ccccc4)C)Cc5ccccc5,BIHTUH
C[C@H]([C@H]1C(=O)N[C@H](C(=O)N[C@H](C(=O)N[C@H](C(=O)N2CCC[C@@H]2C(=O)N[C@H](C(=O)N1)Cc3ccccc3)Cc4ccccc4)Cc5c[nH]c6c5cccc6)Cc7ccccc7)O,GAJFAY
CC[C@H](C)[C@H]1C(=O)N[C@H](C(=O)N[C@H](C(=O)N[C@H](C(=O)N2CCC[C@H]2C(=O)N3CCC[C@H]3C(=O)N[C@H](C(=O)N[C@H](C(=O)N[C@H](C(=O)N1)CC(C)C)Cc4ccccc4)Cc5ccccc5)C(C)C)CC(C)C)[C@@H](C)CC,GIPKAR10
CN1CC(=O)NCC(=O)N[C@H](C(=O)N2CCC[C@H]2C1=O)Cc3ccccc3,NUWNEY
C1C[C@@H]2C(=O)N3CCC[C@H]3C(=O)N4CCC[C@H]4C(=O)N5CCC[C@@H]5C(=O)N2C1,LENKIY
CC[C@H](C)[C@H]1C(=O)N[C@H](C(=O)N2CCC[C@H]2C(=O)N[C@H](C(=O)N3CCC[C@H]3C(=O)N[C@H](C(=O)N4CCC[C@H]4C(=O)N1)[C@@H](C)CC)Cc5ccc(cc5)O)Cc6ccccc6,JUXHAL
C1C[C@H]2C(=O)N[C@H](C(=O)NCC(=O)N[C@H](C(=O)N2C1)CO)CCC(=O)O,LEYCAV
C[C@H]1C(=O)N2CCC[C@H]2C(=O)N[C@H](C(=O)N3CCC[C@H]3C(=O)N1)Cc4ccccc4,ALPRAL10
CC(C)C[C@@H]1C(=O)NCC(=O)N[C@@H](C(=O)N[C@H](C(=O)NCC(=O)N[C@H](C(=O)N1)Cc2ccccc2)CC(C)C)Cc3ccccc3,CAHWEN
c1ccc(cc1)C[C@@H]2C(=O)NCC(=O)N3CCC[C@H]3C(=O)N[C@H](C(=O)NCC(=O)N4CCC[C@H]4C(=O)N2)Cc5ccccc5,CYBGPP
CC(C)[C@H]1C(=O)N2CCC[C@H]2C(=O)NCC(=O)N[C@H](C(=O)N3CCC[C@H]3C(=O)NCC(=O)N[C@H](C(=O)N4CCC[C@H]4C(=O)NCC(=O)N[C@H](C(=O)N5CCC[C@H]5C(=O)NCC(=O)N1)C(C)C)C(C)C)C(C)C,DEWFEQ
CC[C@@H](C)[C@H]1C(=O)N[C@H](C(=O)N[C@H](C(=O)N[C@@H](C(=O)N2CCC[C@H]2C(=O)N3CCC[C@H]3C(=O)N[C@H](C(=O)N[C@H](C(=O)N[C@H](C(=O)N1)C(C)C)Cc4ccccc4)Cc5ccccc5)[C@H](C)CC)CC(C)C)CCSC,SAFVOM
c1ccc(cc1)C[C@H]2C(=O)N[C@H](C(=O)N3CCC[C@H]3C(=O)N[C@H](C(=O)N[C@H](C(=O)N4CCC[C@@H]4C(=O)N2)Cc5ccccc5)Cc6ccccc6)Cc7ccccc7,DUYTIA
CC[C@H](C)[C@H]1C(=O)N[C@H](C(=O)N[C@H](C(=O)N[C@H](C(=O)N[C@H](C(=O)N1)CC(C)C)CC(C)C)CC(C)C)CC(C)C,UNONES
C[C@H]1C(=O)NCC(=O)N[C@H](C(=O)N[C@H](C(=O)N[C@H](C(=O)N[C@@H](C(=O)N2CCC[C@H]2C(=O)N3CCC[C@H]3C(=O)N1)Cc4ccccc4)[C@@H](C)O)C)CC(C)C,UZUKUW
C[C@H]1C(=O)NCC(=O)NCC(=O)N[C@H](C(=O)N[C@H](C(=O)NCC(=O)N1)C)C,AAGAGG10
CC(C)C[C@@H]1C(=O)N[C@@H](C(=O)NCC(=O)N[C@H](C(=O)N[C@H](C(=O)NCC(=O)N1)Cc2ccccc2)CC(C)C)Cc3ccccc3,CLPGDH
C[C@@H]1C(=O)N2CCC[C@H]2C(=O)NCC(=O)N3CCC[C@H]3C(=O)NCC(=O)N1,CGPGAP10
C[C@@H]1C(=O)N(CC(=O)N(CC(=O)N(CC(=O)N1)C)C)C,ALASAR
C[C@H]1C(=O)N2CCC[C@H]2C(=O)NCC(=O)N3CCC[C@H]3C(=O)N[C@@H](C(=O)N1)Cc4ccccc4,GICHOP
C1C[C@@H]2C(=O)N3CCC[C@H]3C(=O)N4CCC[C@@H]4C(=O)N5CCC[C@H]5C(=O)N2C1,SOWGOA
CC(C)C[C@@H]1C(=O)N[C@H](C(=O)NCC(=O)N[C@H](C(=O)N[C@H](C(=O)NCC(=O)N1)CC(C)C)CC(C)C)CC(C)C,CGDLLL10
CC(C)C[C@H]1C(=O)N[C@H](C(=O)N[C@H]2CC(=O)NC[C@@H](C(=O)N1)NC(=O)[C@@H](NC(=O)[C@@H](NC2=O)Cc3c[nH]c4c3cccc4)Cc5ccccc5)CCSC,ZEHDEV
CC[C@H](C)[C@H]1C(=O)N[C@H](C(=O)N[C@H](C(=O)N2CCC[C@H]2C(=O)N[C@@H](C(=O)N3CCC[C@H]3C(=O)N[C@H](C(=O)N1)CC(C)C)[C@@H](C)CC)CO)Cc4ccccc4,ZOHMIS
CC(C)C[C@H]1C(=O)N[C@H](C(=O)N[C@H](C(=O)N[C@H](C(=O)N2CCC[C@H]2C(=O)N[C@H](C(=O)N[C@H](C(=O)N1)CC(=O)N)C(C)C)CC(C)C)Cc3ccccc3)CO,TALVAD
C[C@H]1C(=O)NCC(=O)N[C@H](C(=O)N2CCC[C@@H]2C(=O)N[C@H](C(=O)N[C@H](C(=O)N1)Cc3c[nH]c4c3cccc4)C(C)C)C(C)C,ZAJPAB
C[C@H]1C(=O)NCC(=O)N2CCC[C@H]2C(=O)N[C@H](C(=O)NCC(=O)N1)Cc3ccccc3,FIVSAE
CC[C@H](C)[C@H]1C(=O)N[C@H](C(=O)N[C@H](C(=O)N[C@H](C(=O)N2CCC[C@H]2C(=O)N[C@H](C(=O)N3CCC[C@H]3C(=O)N1)Cc4c[nH]c5c4cccc5)C(C)C)Cc6ccccc6)CO,NUCZUH
C[C@@H]1C(=O)N[C@H](C(=O)N2CCCC[C@H]2C(=O)N([C@H](C(=O)N[C@H](C(=O)N1)C(C)C)Cc3ccccc3)C)CC(C)C,GEHKUC
CC(C)C[C@H]1C(=O)N[C@H](C(=O)NCC(=O)N[C@@H](C(=O)N2CCC[C@H]2C(=O)N[C@H](C(=O)N[C@@H](C(=O)N1)Cc3c[nH]c4c3cccc4)CO)CO)C(C)C,KARPIE
C1C(=O)N[C@@H](C(=O)NCC(=O)NCC(=O)N[C@H](C(=O)NCC(=O)N1)CO)CO,DICWET
C[C@@H]1C(=O)N[C@H](C(=O)NCC(=O)NCC(=O)NCC(=O)NCC(=O)N1)C,GGAAGG
C1C(=O)NCC(=O)NCC(=O)NCC(=O)NCC(=O)NCC(=O)N1,CYHEXG
C[C@@H]1C(=O)N[C@H](C(=O)N2CCC[C@H]2C(=O)N[C@@H](C(=O)N[C@H](C(=O)N3CCC[C@H]3C(=O)N1)C(C)C)C)C(C)C,KIVDIC
C[C@@H]1C(=O)N[C@H](C(=O)N2CCC[C@@H]2C(=O)N3CCC[C@H]3C(=O)N[C@H](C(=O)N[C@H](C(=O)N1)C)C)C,CAMVES
CC(C)[C@H]1C(=O)N[C@@H](C(=O)N2CCC[C@H]2C(=O)N[C@@H](C(=O)N[C@@H](C(=O)N3CCC[C@H]3C(=O)N1)Cc4ccccc4)C(C)C)Cc5ccccc5,PAPRVA
CC[C@H](C)[C@H]1C(=O)N[C@H](C(=O)N[C@H](C(=O)N[C@@H](C(=O)N2CCC[C@H]2C(=O)N3CCC[C@H]3C(=O)N[C@@H](C(=O)N[C@H](C(=O)N[C@H](C(=O)N1)CC(C)C)Cc4ccccc4)Cc5ccccc5)C(C)C)CC(C)C)[C@H](C)CC,UBADEJ
C[C@H]1C(=O)N2CCC[C@@H]2C(=O)N[C@H](C(=O)N[C@@H](C(=O)N1)Cc3c[nH]c4c3cccc4)Cc5ccccc5,RUQVAB
C[C@H]([C@@H]1C(=O)N[C@H](C(=O)N[C@H](C(=O)N[C@H](C(=O)N[C@H](C(=O)NCC(=O)N1)C(C)C)Cc2ccc(cc2)O)CC(C)C)Cc3ccccc3)O,ZUKRAY
C[C@H]([C@H]1C(=O)N[C@H](C(=O)N[C@H](C(=O)NCC(=O)N2CCC[C@H]2C(=O)N[C@@H](C(=O)N1)CC(C)C)Cc3ccccc3)CC(C)C)O,VAWTAQ
C[C@@H]1C(=O)N[C@H](C(=O)N2CCC[C@H]2C(=O)N[C@@H](C(=O)N[C@H](C(=O)N3CCC[C@H]3C(=O)N1)Cc4ccccc4)C)Cc5ccccc5,DUPKEE
C[C@@H]1C(=O)NCC(=O)N2CCC[C@H]2C(=O)N[C@H](C(=O)N[C@@H](C(=O)NCC(=O)N3CCC[C@H]3C(=O)N[C@H](C(=O)N1)Cc4ccccc4)C)Cc5ccccc5,CACNOJ10
C1C[C@@H]2C(=O)N3CCC[C@H]3C(=O)N4CCC[C@H]4C(=O)N5CCC[C@@H]5C(=O)N6CCC[C@H]6C(=O)N7CCC[C@@H]7C(=O)N2C1,BUYXOI
C[C@H]1C(=O)N2CCC[C@H]2C(=O)NCC(=O)N[C@H](C(=O)N[C@H](C(=O)N[C@H](C(=O)N1)CO)C(C)C)Cc3ccccc3,YEXJIV
C[C@@H]1C(=O)NCC(=O)N2CCC[C@H]2C(=O)N[C@@H](C(=O)N[C@@H](C(=O)NCC(=O)N3CCC[C@H]3C(=O)N[C@@H](C(=O)N1)Cc4ccccc4)C)Cc5ccccc5,DASXIE
CC[C@H](C)[C@H]1C(=O)N[C@H](C(=O)N2CCC[C@H]2C(=O)NCC(=O)N[C@H](C(=O)N[C@H](C(=O)N1)C(C)C)CC(C)C)Cc3ccc(cc3)O,YOMNOE
CC[C@H](C)[C@H]1C(=O)N[C@H](C(=O)N[C@H](C(=O)N[C@H](C(=O)N[C@H](C(=O)N[C@H](C(=O)N[C@H](C(=O)N[C@H](C(=O)N2CCC[C@H]2C(=O)N1)CC(C)C)C(C)C)CC(C)C)C(C)C)CC(C)C)CC(C)C)CC(C)C,LETPIM
c1ccc(cc1)C[C@H]2C(=O)N[C@H]3CSSC[C@@H](C(=O)NCC(=O)N4CCC[C@H]4C(=O)N2)NC(=O)[C@@H](NC(=O)[C@@H]5CCCN5C(=O)CNC3=O)Cc6ccccc6,DUVGOQ10
C[C@@H]1C(=O)N2CCC[C@H]2C(=O)N[C@@H](C(=O)N3CCC[C@H]3C(=O)NCC(=O)N1)Cc4ccccc4,PAPGAP
CC[C@@H](C)[C@@H]1C(=O)N[C@H](C(=O)N[C@@H](C(=O)N[C@@H](C(=O)N[C@@H](C(=O)N2CCC[C@@H]2C(=O)NCC(=O)N[C@@H](C(=O)N1)CC(=O)N)Cc3ccc(cc3)O)Cc4ccc(cc4)O)[C@H](C)CC)CO,NIWHEH
C[C@H]1C(=O)N[C@H](C(=O)N[C@H](C(=O)N[C@H](C(=O)N[C@H](C(=O)N[C@H](C(=O)N[C@H](C(=O)N[C@H](C(=O)N2CCC[C@H]2C(=O)N1)CC(C)C)C(C)C)CC(C)C)C(C)C)CC(C)C)CC(C)C)CC(C)C,LETHIE
